,Dupuy,LYON 69008,04.50.03.11.01,adele.dupuy@hotmail.fr,,02/04/1980
,Gosselin,TOULON 83100,04.66.61.71.64,alphonse.gosselin@gmail.com,,
Olivie-Victoire,Fernandes,NICE 06200,04.96.44.73.85,olivie-victoire.fernandes@outlook.fr,technicien,15/06/1988
Alain-Nicolas,Colin,TOULOUSE 31100,05.74.76.00.20,alain-nicolas.colin@yahoo.fr,,17/06/1969
Claudine,Techer,,04.96.01.12.79,claudine.techer@yahoo.fr,avocat,
Aimee,du Maillot,,05.50.14.92.65,aimee.du-maillot@gmail.com,chef d'entreprise,
Charlotte,Lelievre,,04.57.37.89.84,charlotte.lelievre@outlook.fr,agriculteur,
Jeannine,Charrier,ST ETIENNE 42100,04.60.60.84.28,,03/12/1954
Michelle,du Baron,PARIS 75007,01.51.49.51.30,michelle.du-baron@outlook.fr,avocat,
Lucy,Nguyen,,01.21.00.69.45,lucy.nguyen@hotmail.fr,medecin,
Jerome,Dos Santos,RENNES 35000,02.68.87.37.79,jerome.dos-santos@yahoo.fr,,26/11/1961
Emmanuelle-Frederique,Martel,BORDEAUX 33000,05.52.62.21.18,emmanuelle-frederique.martel@yahoo.fr,architecte,01/08/1981
Aurelie,Thierry,,02.03.14.12.63,,barman,12/05/1987
Genevieve,Weiss,MARSEILLE 13004,04.08.95.25.22,genevieve.weiss@hotmail.fr,footballeur,01/09/1957
Augustin,Ferrand,PARIS 75001,01.84.37.98.24,augustin.ferrand@yahoo.fr,,
Corinne,Thibault,BORDEAUX 33000,05.86.34.17.52,corinne.thibault@outlook.fr,chauffeur,13/03/1963
Rene,Philippe,,01.42.24.59.19,rene.philippe@yahoo.fr,informaticien,01/10/2004
Louis,De Sousa-Rodrigues,TOULOUSE 31300,05.92.20.99.18,louis.de-sousa-rodrigues@yahoo.fr,medecin,
,De Oliveira,MARSEILLE 13013,04.31.81.73.71,philippe.de-oliveira@gmail.com,chercheur,28/01/1976
Celine,Vallee Le Weiss,LYON 69003,04.89.33.39.71,celine.vallee-le-weiss@hotmail.fr,enseignant,17/08/2001
,Benard,,05.26.26.33.48,sylvie-pauline.benard@yahoo.fr,,26/06/1968
Timothee,Dijoux,TOULOUSE 31300,05.35.52.93.57,timothee.dijoux@outlook.fr,avocat,
Gabriel,Martinez,PARIS 75003,01.17.30.93.74,gabriel.martinez@server.fr,,
Theophile,de la Clement,BRON 69500,04.80.33.16.49,theophile.de-la-clement@hotmail.fr,,31/05/1984
Emile,Raymond,LYON 69005,04.56.08.52.31,emile.raymond@hotmail.fr,,29/02/1984
Michelle,Olivier,MARSEILLE 13009,04.31.72.14.61,michelle.olivier@gmail.com,,11/10/1966
Susan,du Klein,MARSEILLE 13003,04.16.58.56.49,susan.du-klein@gmail.com,,
Denise-Audrey,Vallet,TOULOUSE 31000,05.14.19.01.06,denise-audrey.vallet@hotmail.fr,,23/06/1997
Genevieve,Texier,TOULOUSE 31500,05.81.63.70.22,genevieve.texier@outlook.fr,banquier,01/08/1972
,Collin,,04.22.63.10.43,maurice.collin@outlook.fr,architecte,29/10/1957
Margot-Margaud,Gay,BORDEAUX 33000,05.65.72.69.52,margot-margaud.gay@hotmail.fr,enseignant,23/03/1963
Pauline,Colin,NANTES 44300,02.22.24.01.47,pauline.colin@outlook.fr,medecin,27/11/1994
Thomas,Lombard de la Boulay,,04.47.61.98.33,thomas.lombard-de-la-boulay@gmail.com,comptable,08/07/1994
Philippine,Perrot-Marin,MARSEILLE 13013,04.26.70.52.20,philippine.perrot-marin@gmail.com,,07/09/1963
Anais,Lemonnier,,05.48.33.31.04,anais.lemonnier@outlook.fr,avocat,27/04/1977
Anouk-Laure,Guillon,BRON 69500,04.16.53.80.20,,,13/09/1975
Francois,Charrier-Masse,RENNES 35200,02.98.73.08.19,francois.charrier-masse@outlook.fr,,
,Ferrand,,01.95.10.65.32,josette.ferrand@hotmail.fr,banquier,06/08/2000
Eric,Benard,PARIS 75019,01.98.80.87.54,eric.benard@gmail.com,,30/11/1993
Tristan,Wagner,PARIS 75007,01.03.61.25.42,tristan.wagner@hotmail.fr,acteur,18/02/1967
Ines,Labbe,,01.64.14.50.53,ines.labbe@gmail.com,footballeur,25/07/1965
Paul,Renault,,05.48.89.39.95,paul.renault@outlook.fr,enseignant,22/09/1973
Martin,Fleury,MONTPELLIER 34090,04.39.65.59.59,martin.fleury@hotmail.fr,acteur,06/05/1985
Stephanie,Francois,LILLE 59260,03.04.29.28.46,stephanie.francois@outlook.fr,,
Timothee,Legros du Tessier,MARSEILLE 13013,04.69.21.24.38,timothee.legros-du-tessier@outlook.fr,medecin,
Martine,Olivier,,02.39.16.64.49,martine.olivier@outlook.fr,medecin,26/09/1964
Francoise,Delaunay,BORDEAUX 33100,05.19.13.26.39,francoise.delaunay@yahoo.fr,avocat,03/09/1954
Alexandre,Cousin-Bodin,TOULOUSE 31200,05.02.34.46.12,alexandre.cousin-bodin@gmail.com,,13/11/1971
,Meyer,,03.36.74.06.61,gilles.meyer@yahoo.fr,enseignant,
Leon,Ferrand,LYON 69005,04.61.74.15.70,leon.ferrand@hotmail.fr,,21/12/1953
,Maurice,,02.81.18.65.45,franck.maurice@gmail.com,,
Monique-Louise,De Sousa,PARIS 75003,01.90.25.96.67,monique-louise.de-sousa@outlook.fr,,17/01/1973
Alex,Aubert Le Guyon,STRASBOURG 67100,03.00.37.67.72,alex.aubert-le-guyon@yahoo.fr,,28/09/1981
Gabrielle,Georges,TOULOUSE 31000,05.65.25.97.43,gabrielle.georges@hotmail.fr,chercheur,15/02/1954
Pierre,Laporte-Leroux,GRENOBLE 38100,04.50.93.40.52,pierre.laporte-leroux@yahoo.fr,,23/01/1979
Arthur-Rene,Pelletier,PARIS 75006,01.23.37.33.84,arthur-rene.pelletier@hotmail.fr,,
,Alexandre,,04.20.66.11.27,eric.alexandre@gmail.com,,23/09/1959
Chantal,Launay-Mahe,,05.78.85.14.69,chantal.launay-mahe@yahoo.fr,chef d'entreprise,13/05/1982
Penelope,Merle-Girard,PARIS 75017,01.23.38.30.97,penelope.merle-girard@hotmail.fr,barman,26/03/1992
,Gomez,,01.73.30.33.63,valerie.gomez@server.fr,acteur,21/03/1963
,Chauveau-Delahaye,,04.87.23.95.06,veronique.chauveau-delahaye@hotmail.fr,architecte,21/06/2000
Lorraine,Guyot,TOULOUSE 31000,05.62.69.03.78,lorraine.guyot@outlook.fr,,05/12/1999
Olivier,Blot,STRASBOURG 67000,03.02.47.82.11,,,21/08/1985
,Barbier,NICE 06100,04.38.39.94.38,,acteur,
Emmanuelle,Aubry,PARIS 75006,01.26.34.58.25,emmanuelle.aubry@gmail.com,avocat,22/05/1988
Stephane,Hoareau,LYON 69008,04.49.40.24.51,stephane.hoareau@gmail.com,medecin,18/11/1984
Chantal,Normand,,01.84.25.82.65,chantal.normand@gmail.com,enseignant,21/10/1970
Alain,Menard-Mace,LILLE 59260,03.31.33.75.13,alain.menard-mace@outlook.fr,boulanger,
David,Boulanger-Voisin,,01.37.53.15.13,david.boulanger-voisin@gmail.com,cuisinier,08/02/1964
Pierre,Carre,,04.95.88.12.66,pierre.carre@server.fr,avocat,
Gerard,Mercier,MARSEILLE 13008,04.13.15.58.95,gerard.mercier@gmail.com,informaticien,05/07/1980
,Gosselin,PARIS 75003,01.59.51.35.34,marguerite.gosselin@yahoo.fr,chercheur,05/11/1955
Edouard,de Maillot,,02.35.16.16.68,,ouvrier,24/06/1970
Benjamin,Guilbert,,02.96.63.13.86,benjamin.guilbert@gmail.com,chef d'entreprise,17/04/1977
Jerome,Le Roussel,MARSEILLE 13010,04.59.75.53.26,jerome.le-roussel@yahoo.fr,technicien,30/10/2003
Sebastien,Besson,,05.37.07.86.45,sebastien.besson@yahoo.fr,architecte,26/08/1981
,Teixeira,LYON 69005,04.19.27.24.95,christiane.teixeira@yahoo.fr,agriculteur,
Philippine,Maillard,PARIS 75003,01.77.85.36.04,philippine.maillard@yahoo.fr,,06/07/1996
Marie,Le Moreno,LYON 69003,04.95.26.11.19,marie.le-moreno@hotmail.fr,informaticien,17/11/1981
Nath,Dupuis,MARSEILLE 13007,04.33.06.85.10,nath.dupuis@gmail.com,militaire,06/08/1995
Jeanne,Le Joly,SAINT-DENIS 93200,01.97.50.23.59,jeanne.le-joly@yahoo.fr,cuisinier,
,Laporte,MARSEILLE 13014,04.33.67.02.17,margaret.laporte@hotmail.fr,,21/05/1965
Alexandrie,Aubry,,01.01.64.64.43,alexandrie.aubry@hotmail.fr,informaticien,
,Bigot,MARSEILLE 13013,04.06.62.93.57,martin.bigot@gmail.com,chauffeur,19/10/1997
Suzanne,Barre,,04.71.28.54.96,suzanne.barre@hotmail.fr,medecin,
Brigitte-Manon,Gonzalez,,04.09.67.27.07,brigitte-manon.gonzalez@outlook.fr,,25/01/1962
,Mendes,NANTES 44300,02.98.89.87.95,,informaticien,23/01/1996
Ines,Ruiz-Clement,ST ETIENNE 42100,04.01.25.02.04,ines.ruiz-clement@gmail.com,,25/02/1996
,Legros,MARSEILLE 13004,04.46.13.24.08,emmanuel.legros@gmail.com,,05/03/1995
Penelope-Sylvie,Morin,LE HAVRE 76610,02.01.81.92.39,penelope-sylvie.morin@server.fr,chef d'entreprise,13/03/1984
,Allain,MARSEILLE 13007,04.11.33.14.89,philippine-therese.allain@yahoo.fr,enseignant,12/07/1990
,Guerin,NICE 06000,04.42.42.81.84,charlotte.guerin@outlook.fr,,17/09/2002
Gabriel,Le Bailly,,04.26.47.42.39,gabriel.le-bailly@gmail.com,,
Zacharie,Arnaud-Marie,STRASBOURG 67000,03.74.10.47.19,zacharie.arnaud-marie@hotmail.fr,,
Raymond,Nicolas,TOULOUSE 31500,05.43.89.56.07,raymond.nicolas@gmail.com,acteur,17/05/1970
Nathalie,Dumas,BORDEAUX 33200,05.79.21.97.89,nathalie.dumas@gmail.com,boulanger,07/07/1977
Maggie,Nguyen-Samson,PARIS 75017,01.17.13.74.16,maggie.nguyen-samson@hotmail.fr,journaliste,22/07/1988
,Monnier de Guillou,MARSEILLE 13003,04.37.34.50.75,gabriel.monnier-de-guillou@yahoo.fr,,17/03/1990
,Fournier-Pascal,,04.76.79.62.19,clemence.fournier-pascal@hotmail.fr,,06/11/1967
,Bertin,MARSEILLE 13009,04.24.80.51.00,laure-anastasie.bertin@outlook.fr,footballeur,
