Timothee,Leduc,NICE 06000,04.77.39.85.85,timothee.leduc@outlook.fr,,
Honore,Duhamel,PARIS 75016,01.88.07.11.96,honore.duhamel@hotmail.fr,chauffeur,26/12/2003
Alex,Aubry,MARSEILLE 13009,04.24.90.19.52,alex.aubry@yahoo.fr,boulanger,04/11/1976
Martine,Leger,MARSEILLE 13005,04.06.33.13.46,martine.leger@gmail.com,boulanger,
Jeannine-Chantal,Paul,,04.84.65.08.20,jeannine-chantal.paul@hotmail.fr,boulanger,21/10/1961
Josephine,Vallet,GRENOBLE 38000,04.66.62.48.21,josephine.vallet@server.fr,ouvrier,
Stephane,Tanguy Le Durand,PARIS 75013,01.83.86.06.37,stephane.tanguy-le-durand@outlook.fr,journaliste,
,Francois-Francois,,01.07.47.73.77,noemi.francois-francois@hotmail.fr,,
Roger,du Rey,LYON 69003,04.26.60.40.20,roger.du-rey@gmail.com,,
Marcel,Paul,PARIS 75017,01.67.77.18.69,,militaire,08/02/1978
Pierre-Arthur,Parent,MARSEILLE 13013,04.17.45.00.87,pierre-arthur.parent@hotmail.fr,chercheur,28/12/1973
,Fournier,PARIS 75001,01.69.17.17.96,nicolas.fournier@outlook.fr,,
Michelle,Maurice,,04.56.76.87.69,michelle.maurice@gmail.com,,25/01/1970
Martine,Couturier,PARIS 75015,01.18.57.73.62,martine.couturier@gmail.com,,
Sophie,Vallet,,01.44.58.52.33,sophie.vallet@server.fr,,17/01/1991
Elise,Mercier,,04.41.68.29.98,elise.mercier@outlook.fr,militaire,24/07/1967
Gabriel,Rocher,,01.23.42.90.88,gabriel.rocher@yahoo.fr,comptable,14/10/1990
Aime,Mace,,04.40.53.96.83,aime.mace@yahoo.fr,ouvrier,17/01/1985
Pierre-Roger,Grenier,TOULOUSE 31400,05.42.13.62.01,pierre-roger.grenier@gmail.com,,08/10/2002
Bertrand,Le Berger,PARIS 75010,01.56.00.29.51,bertrand.le-berger@gmail.com,comptable,21/03/1978
Frederic,Petitjean,,05.46.12.36.24,frederic.petitjean@yahoo.fr,footballeur,08/08/2000
,Le Benoit,MARSEILLE 13003,04.49.69.65.82,elise.le-benoit@gmail.com,boulanger,
,Faure-Remy,BRON 69500,04.14.15.01.72,denise.faure-remy@hotmail.fr,banquier,08/08/2003
Gilles,Perrin-Carlier,LYON 69009,04.09.80.29.12,gilles.perrin-carlier@outlook.fr,technicien,09/07/1967
,Navarro de la Joseph,,04.91.40.50.30,clemence.navarro-de-la-joseph@gmail.com,chef d'entreprise,
Camille-Maryse,Delaunay,,05.27.08.94.95,camille-maryse.delaunay@outlook.fr,,26/08/1961
Brigitte,Wagner de Dupuy,STRASBOURG 67200,03.24.11.57.98,brigitte.wagner-de-dupuy@gmail.com,ouvrier,14/11/1963
Charlotte,Dupont,MARSEILLE 13014,04.21.74.46.52,charlotte.dupont@server.fr,banquier,12/07/1955
Virginie,Bailly,MARSEILLE 13008,04.37.29.02.46,virginie.bailly@yahoo.fr,,
,Teixeira,STRASBOURG 67100,03.40.04.38.35,,,24/01/1958
,Carre,MARSEILLE 13010,04.87.66.35.26,arthur.carre@outlook.fr,,13/05/1959
Philippe-Bernard,Adam,TOULOUSE 31300,05.47.27.25.65,philippe-bernard.adam@yahoo.fr,informaticien,15/09/1980
Gerard,Guerin,RENNES 35700,02.75.57.95.88,gerard.guerin@server.fr,,01/10/1963
Nath,Roger-Lecomte,PARIS 75014,01.97.30.72.72,nath.roger-lecomte@server.fr,,09/02/1989
,Dupont,NANTES 44000,02.16.51.03.76,adele.dupont@gmail.com,,
Susan,Roche-Muller,NANTES 44200,02.43.62.50.74,susan.roche-muller@yahoo.fr,,20/07/2002
Brigitte,Gros,TOULOUSE 31500,05.11.86.11.41,,09/12/1993
Therese,Henry,SAINT-DENIS 93200,01.69.40.00.65,therese.henry@hotmail.fr,boulanger,
,Clerc,,01.23.58.98.06,agathe.clerc@yahoo.fr,chercheur,21/11/1987
Franck,Lefort,,01.34.98.91.76,franck.lefort@gmail.com,,07/02/1996
Cecile,Gauthier-Picard,TOULOUSE 31100,05.59.97.68.43,cecile.gauthier-picard@server.fr,agriculteur,02/11/1998
Agathe,Torres,LYON 69002,04.91.03.33.18,agathe.torres@outlook.fr,informaticien,01/06/1969
,Le Roger,NICE 06000,04.55.56.95.02,michelle.le-roger@yahoo.fr,,
Arthur-Victor,Berger,,04.47.46.81.74,arthur-victor.berger@outlook.fr,informaticien,
,Le Benard,,01.29.69.52.09,celine.le-benard@gmail.com,,27/04/1987
Nathalie,Torres-Pelletier,MARSEILLE 13015,04.26.48.90.06,nathalie.torres-pelletier@outlook.fr,architecte,29/08/1986
Leon,de Laroche,LE HAVRE 76600,02.02.22.45.94,leon.de-laroche@server.fr,,22/05/1996
Dorothee,Bonnin,PARIS 75001,01.82.45.14.67,dorothee.bonnin@gmail.com,chercheur,19/11/1997
daisy,Remy,SAINT-PRIEST 69800,04.86.51.77.22,daisy.remy@yahoo.fr,,09/08/1996
,Brunel,,04.33.58.03.93,yves.brunel@gmail.com,,17/10/1959
