Zoe-Caroline,Pichon,RENNES 35000,02.52.77.73.97,zoe-caroline.pichon@yahoo.fr,,14/02/2003
,Letellier,MARSEILLE 13013,04.45.34.82.47,mathilde.letellier@gmail.com,avocat,16/01/1955
Suzanne,Rey de Blot,MARSEILLE 13013,04.08.60.74.56,,,18/02/1956
Augustin,Hamel,MARSEILLE 13008,04.89.26.47.41,augustin.hamel@gmail.com,,09/08/1986
,Guibert,NICE 6000,04.17.04.68.79,alexandrie.guibert@gmail.com,informaticien,23/12/1968
,du Renard,NANTES 44000,02.07.58.43.97,richard.du-renard@hotmail.fr,,16/11/1964
Philippine,Gerard,PARIS 75019,01.38.34.19.83,philippine.gerard@server.fr,,30/04/1982
Auguste,Fischer de Bazin,PARIS 75016,01.64.90.54.30,auguste.fischer-de-bazin@outlook.fr,footballeur,
Gilles,Chevalier,LYON 69003,04.18.84.31.03,gilles.chevalier@yahoo.fr,cuisinier,
Gabrielle,du Meyer,MARSEILLE 13013,04.88.38.15.82,gabrielle.du-meyer@server.fr,architecte,
Pauline,Chretien,ST ETIENNE 42100,04.19.73.68.03,pauline.chretien@hotmail.fr,agriculteur,14/06/2005
Jeannine,Julien-Durand,PARIS 75004,01.63.47.50.30,jeannine.julien-durand@server.fr,barman,
Martin,Poulain de la Marques,TOULOUSE 31200,05.31.25.91.29,martin.poulain-de-la-marques@server.fr,,11/04/2002
Andre,Traore,PARIS 75016,01.90.70.68.41,andre.traore@gmail.com,enseignant,13/10/2006
,Alexandre,,04.20.66.11.27,eric.alexandre@gmail.com,,23/09/1959
Sabine,Barthelemy,,01.61.28.78.47,sabine.barthelemy@outlook.fr,acteur,14/07/1972
,Brun,,04.30.56.66.17,alex.brun@hotmail.fr,informaticien,04/04/1976
Guy,Moreau,NICE 6200,04.78.48.51.39,guy.moreau@yahoo.fr,,19/02/2002
Gabriel,Carlier-Torres,,01.60.80.67.50,gabriel.carlier-torres@server.fr,,11/09/1957
Alice,Ramos,LYON 69005,04.07.37.22.28,alice.ramos@outlook.fr,,23/10/1991
Amelie,Bouchet,LILLE 59260,03.01.99.77.64,amelie.bouchet@yahoo.fr,technicien,07/05/1985
,Meunier,PARIS 75009,01.90.40.34.47,alfred.meunier@gmail.com,footballeur,11/01/1983
Michele,Couturier,PARIS 75008,01.04.33.58.56,michele.couturier@hotmail.fr,chauffeur,02/07/1964
Virginie,Le Ferreira,MARSEILLE 13016,04.00.25.66.61,virginie.le-ferreira@server.fr,enseignant,23/10/1954
Capucine,Didier,,02.46.29.51.91,capucine.didier@outlook.fr,ouvrier,
,Cousin,DECINES-CHARPIEU 69150,04.93.83.98.54,robert.cousin@yahoo.fr,,
Hugues,Barbe,LE HAVRE 76600,02.93.65.57.14,hugues.barbe@hotmail.fr,,15/11/1968
Lucy,Legendre du Barbier,LYON 69005,04.77.73.82.09,lucy.legendre-du-barbier@gmail.com,chauffeur,
Ines,Clerc,LE HAVRE 76600,02.01.30.88.43,ines.clerc@outlook.fr,,30/07/1992
,Roussel,,04.09.31.21.26,,enseignant,22/04/1957
Marc-Etienne,Marty,,04.00.89.00.58,marc-etienne.marty@gmail.com,,08/05/1987
Auguste-Daniel,Robert,TOULOUSE 31500,05.95.59.43.06,auguste-daniel.robert@gmail.com,,04/07/1961
Marguerite,Martel,,04.40.78.15.87,marguerite.martel@outlook.fr,chercheur,16/07/1967
,Regnier,NICE 6200,04.34.78.01.44,nathalie.regnier@yahoo.fr,banquier,13/03/1970
Arthur,Camus Le Couturier,MARSEILLE 13005,04.69.52.02.54,arthur.camus-le-couturier@outlook.fr,ouvrier,17/12/1971
Aimee,Bonneau,,05.14.98.82.95,aimee.bonneau@gmail.com,cuisinier,01/01/2003
Olivier,du Weber,,01.38.57.93.31,olivier.du-weber@gmail.com,,18/02/1967
Franck-Philippe,Lagarde,,01.90.83.14.76,franck-philippe.lagarde@gmail.com,chef d'entreprise,
Zacharie,Camus,MARSEILLE 13016,04.03.88.33.14,zacharie.camus@hotmail.fr,informaticien,
Chantal,Le Gall,PARIS 75011,01.26.02.86.85,chantal.le-gall@yahoo.fr,,
,Lefebvre,PARIS 75018,01.85.37.73.68,sylvie.lefebvre@outlook.fr,,
,Raymond,,04.25.49.93.47,nath.raymond@gmail.com,,
Roland,Hebert,LYON 69001,04.67.28.21.92,roland.hebert@hotmail.fr,cuisinier,
Jules,Munoz de Lopes,LE HAVRE 76610,02.36.43.37.14,jules.munoz-de-lopes@gmail.com,ouvrier,
,Normand,BORDEAUX 33200,05.05.82.91.66,franck.normand@yahoo.fr,banquier,
Emilie,Brun,,04.65.11.22.81,emilie.brun@server.fr,,
Thierry,du Faure,PARIS 75012,01.46.30.95.02,thierry.du-faure@gmail.com,,
,Carpentier,,01.94.87.44.04,genevieve.carpentier@yahoo.fr,,25/06/1981
Juliette,Muller,MARSEILLE 13013,04.38.00.56.34,juliette.muller@gmail.com,,12/01/1977
,Perez,MARSEILLE 13013,04.39.48.79.96,,,
Auguste,Robert,LYON 69007,04.00.66.03.73,auguste.robert@outlook.fr,banquier,
Adelaide,Laurent,MONTPELLIER 34080,04.39.69.09.34,adelaide.laurent@hotmail.fr,journaliste,
Nicolas,de Jean,,03.46.65.80.98,nicolas.de-jean@server.fr,architecte,17/10/1991
Bernard,Martin,PARIS 75001,01.67.35.29.02,bernard.martin@gmail.com,,17/11/1956
Marie,Tanguy,,01.31.80.54.71,marie.tanguy@hotmail.fr,journaliste,27/07/2004
Thomas,Perrier de la Chartier,,04.22.58.06.17,thomas.perrier-de-la-chartier@yahoo.fr,chauffeur,07/09/1987
Denis,Techer,PARIS 75017,01.23.29.56.28,denis.techer@yahoo.fr,technicien,08/11/2003
Gabriel,Bertin,PARIS 75012,01.98.56.13.35,gabriel.bertin@outlook.fr,informaticien,23/08/2000
Eugene-Gilbert,Blanc,,04.64.87.52.35,eugene-gilbert.blanc@server.fr,chef d'entreprise,02/02/1999
,Masson,PARIS 75008,01.24.28.35.08,alexandria.masson@hotmail.fr,,02/09/1989
Patricia,Peron,,04.86.97.61.33,patricia.peron@yahoo.fr,,16/11/1988
Emmanuel,Bernier,,01.68.81.13.83,emmanuel.bernier@yahoo.fr,,15/11/1964
Benjamin,Gregoire,PARIS 75017,01.33.91.85.57,benjamin.gregoire@gmail.com,,
Christelle,Francois du Garnier,LE HAVRE 76600,02.67.45.80.74,christelle.francois-du-garnier@server.fr,,09/01/1967
Leon,de Mace,PARIS 75003,01.49.89.67.88,leon.de-mace@outlook.fr,chauffeur,03/11/1979
Nicolas,Morin,MARSEILLE 13015,04.34.11.25.39,,banquier,16/10/1972
Marine,Muller,,01.05.27.78.28,marine.muller@outlook.fr,architecte,
Marcelle,Chauveau,PARIS 75001,01.62.70.96.81,marcelle.chauveau@hotmail.fr,acteur,07/06/2006
Gilbert,Teixeira,PARIS 75014,01.27.50.72.00,gilbert.teixeira@gmail.com,cuisinier,03/05/1971
Louis,Delattre-Barbe,,04.48.21.59.86,louis.delattre-barbe@hotmail.fr,,01/06/1985
Auguste,Le Besnard,,04.64.81.47.24,auguste.le-besnard@outlook.fr,medecin,21/01/1975
Augustin,Meunier,MARSEILLE 13011,04.67.85.36.85,augustin.meunier@gmail.com,,16/02/2002
Julie,Imbert,LYON 69005,04.22.16.36.07,julie.imbert@hotmail.fr,banquier,11/09/1984
Jean,Gaillard,MARSEILLE 13014,04.64.79.46.39,jean.gaillard@yahoo.fr,,11/11/1954
Christine,Bouchet,MARSEILLE 13009,04.16.07.12.50,christine.bouchet@outlook.fr,,07/06/1997
Alice,Le Becker,,04.61.88.22.48,alice.le-becker@hotmail.fr,agriculteur,
Anais,Lemonnier,,05.48.33.31.04,anais.lemonnier@outlook.fr,avocat,27/04/1977
,Didier,STRASBOURG 67100,03.50.61.82.18,robert.didier@outlook.fr,journaliste,
Thibault,Barthelemy du Duval,BORDEAUX 33300,05.25.99.51.76,,,
,Lacroix,LE HAVRE 76610,02.27.69.78.21,gerard.lacroix@gmail.com,ouvrier,22/07/1986
Daniel,Le Gall,NANTES 44200,02.32.47.18.25,daniel.le-gall@gmail.com,chauffeur,21/11/1962
Aime-Jacques,Leduc,PARIS 75002,01.20.36.44.26,aime-jacques.leduc@yahoo.fr,,15/08/1973
Theodore,Fernandes-Clement,,05.43.38.36.05,theodore.fernandes-clement@outlook.fr,,08/01/1996
Elisabeth,Dumont du Mary,,01.86.30.90.16,elisabeth.dumont-du-mary@outlook.fr,acteur,25/11/1994
Roland,Nicolas,TOULOUSE 31000,05.34.85.76.51,,militaire,25/11/1963
Christiane,Jourdan,,01.49.37.21.59,,,
,Faure,MARSEILLE 13013,04.82.41.45.30,alex.faure@yahoo.fr,,22/07/2002
Monique,Albert,,02.67.56.11.72,monique.albert@gmail.com,agriculteur,
,Baron,LE HAVRE 76610,02.10.15.34.80,charles.baron@outlook.fr,boulanger,
Gregoire,Valentin,LILLE 59160,03.21.74.52.12,,boulanger,05/04/1981
Francoise-Claire,Ribeiro,,04.44.35.12.86,francoise-claire.ribeiro@hotmail.fr,,14/05/1997
Alphonse,Lefevre-Pages,MARSEILLE 13008,04.08.42.18.51,alphonse.lefevre-pages@outlook.fr,,23/09/1956
Adrienne,Dubois,TOULOUSE 31500,05.04.42.14.91,adrienne.dubois@yahoo.fr,,
,Moreno,AIX-EN-PROVENCE 13090,04.15.89.59.72,corinne.moreno@outlook.fr,ouvrier,11/04/1985
Martin,Delahaye,MARSEILLE 13007,04.75.19.01.65,martin.delahaye@yahoo.fr,informaticien,27/09/1959
,Morvan,NANTES 44100,02.96.92.64.39,guy.morvan@outlook.fr,informaticien,
Anais,Martineau-Dumas,MARSEILLE 13004,04.25.18.62.69,anais.martineau-dumas@yahoo.fr,ouvrier,25/10/1996
Alfred,du Fernandes,,01.26.01.68.47,alfred.du-fernandes@gmail.com,chercheur,
Laurence,Humbert,MARSEILLE 13010,04.10.04.74.85,laurence.humbert@gmail.com,barman,03/03/1977
Tristan,Faure,MONTPELLIER 34070,04.33.48.88.66,tristan.faure@outlook.fr,agriculteur,29/07/1974
,Fournier,NICE 6100,04.24.32.12.93,yves.fournier@outlook.fr,,18/07/1955
,Maillet,TOULOUSE 31000,05.33.90.05.23,matthieu.maillet@hotmail.fr,cuisinier,14/07/2004
Noemi,Etienne-Techer,,04.33.68.87.28,noemi.etienne-techer@gmail.com,barman,26/08/2004
Vincent,Lelievre,,05.03.69.36.05,vincent.lelievre@gmail.com,,31/10/1978
Eugene,Brunel,MONTPELLIER 34080,04.41.04.55.81,eugene.brunel@hotmail.fr,avocat,24/04/1988
Marc,Paul,,04.01.89.94.04,marc.paul@yahoo.fr,,
Franck,Carpentier,,04.67.13.25.30,franck.carpentier@yahoo.fr,technicien,
Roland,Sanchez-Wagner,PARIS 75007,01.46.39.11.83,roland.sanchez-wagner@outlook.fr,,06/08/1978
Stephane,Richard,,05.45.59.94.99,stephane.richard@gmail.com,footballeur,
Dominique,Daniel,GRENOBLE 38100,04.55.96.44.25,dominique.daniel@outlook.fr,barman,
Hugues,de la Fernandes,LYON 69007,04.35.63.05.40,hugues.de-la-fernandes@hotmail.fr,informaticien,
Charles,du Rey,PARIS 75004,01.36.60.18.43,charles.du-rey@hotmail.fr,informaticien,30/06/1995
Emilie-Alexandrie,Rossi,,05.64.31.72.11,emilie-alexandrie.rossi@hotmail.fr,banquier,16/12/2004
Valerie,Caron du Dumont,,01.10.02.57.32,valerie.caron-du-dumont@gmail.com,comptable,20/03/1967
,Bailly,TOULON 83100,04.29.97.71.58,guillaume.bailly@gmail.com,boulanger,14/06/1963
Guy,Chauvin,PARIS 75002,01.36.10.42.87,guy.chauvin@server.fr,avocat,06/03/1959
,Moulin,PARIS 75001,01.93.56.11.42,guy.moulin@yahoo.fr,,10/07/2001
,Lemonnier,,05.98.51.28.05,margaud.lemonnier@server.fr,ouvrier,
Timothee,Jacquet-Schneider,NICE 6100,04.50.68.36.68,timothee.jacquet-schneider@gmail.com,barman,21/03/1958
Martin,Guyon,TOULOUSE 31100,05.58.44.25.49,martin.guyon@hotmail.fr,comptable,17/07/1974
,Auger,,04.00.42.49.23,louis.auger@yahoo.fr,chercheur,09/01/1996
,Begue,,04.72.03.21.33,bernard.begue@gmail.com,,13/11/1976
,Renard,PARIS 75019,01.79.07.11.94,audrey.renard@outlook.fr,chef d'entreprise,
Julie,de Michaud,TOULON 83000,04.11.96.00.05,julie.de-michaud@server.fr,militaire,11/07/1954
Pauline,Mahe-Julien,LYON 69002,04.69.01.74.52,pauline.mahe-julien@gmail.com,avocat,31/05/2000
Leon,Brunel,MARSEILLE 13012,04.95.43.73.83,leon.brunel@yahoo.fr,,29/09/1991
Zacharie,Mathieu,PARIS 75011,01.81.19.16.18,zacharie.mathieu@yahoo.fr,ouvrier,
Anastasie,Humbert,,01.03.87.21.42,anastasie.humbert@gmail.com,,
Matthieu,Vaillant,,02.26.03.74.35,matthieu.vaillant@gmail.com,cuisinier,
Marguerite,Robert,LILLE 59260,03.68.22.74.94,marguerite.robert@yahoo.fr,,27/04/1998
Philippine,Huet,RENNES 35000,02.15.99.88.77,,chauffeur,
,Marques,SAINT-DENIS 93210,01.76.88.40.54,gilles.marques@outlook.fr,cuisinier,
Antoine,Guillou,NICE 6100,04.84.41.73.05,antoine.guillou@outlook.fr,avocat,28/11/1983
Laetitia,Dufour,MARSEILLE 13014,04.51.13.11.77,laetitia.dufour@yahoo.fr,barman,
Antoinette,Lefort,,04.60.04.80.03,antoinette.lefort@gmail.com,chercheur,09/12/1998
,Blot,,04.12.40.87.37,gabriel.blot@gmail.com,,20/02/1994
Jerome,Le Rodrigues,LYON 69001,04.42.65.07.09,jerome.le-rodrigues@hotmail.fr,,
Yves-Charles,Roche,NICE 6000,04.41.02.26.14,yves-charles.roche@gmail.com,technicien,30/10/1990
Leon,Gautier-Salmon,,04.74.21.73.35,leon.gautier-salmon@yahoo.fr,,
Gilbert,Le Perez,,04.40.24.77.79,gilbert.le-perez@hotmail.fr,boulanger,18/05/1970
,Riviere du Julien,,02.31.71.21.11,eric.riviere-du-julien@gmail.com,comptable,
Arthur,Delaunay,MARSEILLE 13008,04.90.09.79.03,,banquier,22/08/1956
,Bonneau du Bruneau,MARSEILLE 13013,04.32.25.46.93,charlotte.bonneau-du-bruneau@server.fr,medecin,23/01/1995
,Thierry-Merle,,04.54.24.15.48,danielle.thierry-merle@yahoo.fr,journaliste,
Laurence,de la Lejeune,,05.19.42.38.62,laurence.de-la-lejeune@server.fr,medecin,
Helene,Guillaume,,04.38.96.11.68,helene.guillaume@gmail.com,militaire,11/12/1982
Aimee,De Sousa,MARSEILLE 13003,04.63.22.17.12,aimee.de-sousa@hotmail.fr,,25/01/1993
Aurore,du Gerard,PARIS 75009,01.25.82.33.02,,,12/09/1978
Valerie,Labbe-Dijoux,TOULOUSE 31400,05.34.15.35.87,valerie.labbe-dijoux@hotmail.fr,journaliste,13/10/1961
Bertrand,Jacques,PARIS 75014,01.20.90.08.22,,,
Anouk,Rousset,,04.98.30.68.58,anouk.rousset@server.fr,,
Patricia,Verdier,PARIS 75016,01.97.40.34.46,patricia.verdier@gmail.com,barman,12/11/1958
,Simon,,01.26.89.35.49,eric-marcel.simon@gmail.com,chauffeur,04/06/1988
Bertrand,Faure,PARIS 75018,01.70.80.37.43,bertrand.faure@gmail.com,enseignant,25/09/1982
Cecile,du Valette,,01.95.35.31.06,cecile.du-valette@gmail.com,,28/10/1975
Virginie,de la Prevost,STRASBOURG 67000,03.88.46.83.68,virginie.de-la-prevost@gmail.com,,
Antoine,Moulin,,01.27.50.36.60,antoine.moulin@hotmail.fr,chauffeur,
Lucy,de Giraud,,04.72.54.76.63,lucy.de-giraud@gmail.com,banquier,
Etienne,de Mahe,MARSEILLE 13009,04.79.62.60.04,etienne.de-mahe@hotmail.fr,,
Monique,Leger-Guillou,,04.16.26.18.88,monique.leger-guillou@server.fr,avocat,09/03/1962
Marc,Breton,NICE 6200,04.85.34.65.75,marc.breton@hotmail.fr,chauffeur,24/07/1960
,Remy,,02.10.01.59.76,,banquier,07/05/1980
Yves,Weber,MARSEILLE 13011,04.56.70.94.20,yves.weber@hotmail.fr,footballeur,05/10/1995
Louis,Riou,,01.37.27.33.75,louis.riou@server.fr,avocat,
Dorothee,Dumas,NANTES 44000,02.85.61.11.28,dorothee.dumas@yahoo.fr,ouvrier,
,Delaunay,,01.38.67.64.89,zacharie.delaunay@hotmail.fr,banquier,
,Boucher,MARSEILLE 13016,04.19.39.51.47,lucy.boucher@outlook.fr,,06/07/1978
Guillaume,Baudry-Le Roux,PARIS 75014,01.91.44.69.52,guillaume.baudry-le-roux@outlook.fr,enseignant,
Maryse,Besson Le Bouvier,MARSEILLE 13016,04.64.48.54.53,maryse.besson-le-bouvier@yahoo.fr,enseignant,04/11/2003
Denis,Le Goff,LYON 69006,04.48.34.49.10,denis.le-goff@yahoo.fr,chef d'entreprise,14/02/1975
Thomas,Guyon,,04.54.25.97.14,thomas.guyon@hotmail.fr,footballeur,06/06/1967
Zacharie,Le Lambert,PARIS 75003,01.46.90.47.70,zacharie.le-lambert@hotmail.fr,avocat,
Pauline,Paul de la Texier,PARIS 75013,01.83.39.64.86,pauline.paul-de-la-texier@outlook.fr,,
Edouard,de Gonzalez,MARSEILLE 13004,04.81.79.25.48,edouard.de-gonzalez@server.fr,,
Olivier,Lacombe,PARIS 75016,01.26.19.16.69,olivier.lacombe@hotmail.fr,chercheur,28/06/1981
Olivie,Ribeiro,PARIS 75011,01.85.91.89.74,olivie.ribeiro@gmail.com,,28/01/1960
Roger,Lemonnier,LYON 69002,04.97.74.27.29,roger.lemonnier@server.fr,comptable,
,Leduc,NICE 6200,04.37.99.76.68,maurice.leduc@gmail.com,acteur,
Roger,Perez-Leblanc,STRASBOURG 67200,03.66.22.91.62,roger.perez-leblanc@server.fr,chef d'entreprise,
Virginie,Lebrun,MARSEILLE 13011,04.45.50.72.54,,01/06/1959
Gilles-Antoine,Roux,,04.46.76.37.81,gilles-antoine.roux@hotmail.fr,agriculteur,24/01/2004
Charlotte,Devaux-Auger,NICE 6200,04.00.88.66.01,charlotte.devaux-auger@yahoo.fr,agriculteur,25/12/1974
Josette,Colin,MARSEILLE 13013,04.93.82.92.37,josette.colin@gmail.com,banquier,24/04/2002
Lucas,de la Lecomte,,04.13.81.35.30,lucas.de-la-lecomte@gmail.com,agriculteur,
Denis,Arnaud de Guillet,,01.62.97.83.76,denis.arnaud-de-guillet@hotmail.fr,informaticien,
Roger-Roland,Hamon,PARIS 75002,01.28.89.72.08,roger-roland.hamon@gmail.com,,27/06/1991
Penelope,du Lelievre,NANTES 44300,02.13.36.42.51,penelope.du-lelievre@gmail.com,,12/04/1965
Susan,Mendes,NICE 6000,04.72.43.47.89,susan.mendes@gmail.com,informaticien,06/09/1986
Philippe,Millet,MARSEILLE 13012,04.42.66.04.43,,,
Oceane,Le Diallo,TOULOUSE 31100,05.84.07.65.67,oceane.le-diallo@gmail.com,acteur,17/11/1964
Nathalie,Noel,,04.21.90.53.19,nathalie.noel@outlook.fr,cuisinier,10/05/1989
Martine,Faure du Bourgeois,MARSEILLE 13013,04.61.11.89.14,martine.faure-du-bourgeois@gmail.com,,23/08/1974
Olivier,Marie Le Ferrand,,04.27.90.75.71,olivier.marie-le-ferrand@outlook.fr,,18/12/1961
Remy,Etienne,PARIS 75116,01.19.36.27.36,remy.etienne@hotmail.fr,,
,Hernandez,,04.35.22.01.12,hugues.hernandez@hotmail.fr,chauffeur,05/01/1984
Agnes,Briand-Letellier,,01.21.04.39.11,,chercheur,
Aimee,Marchal,LYON 69001,04.49.62.16.61,aimee.marchal@outlook.fr,cuisinier,
Sylvie,Evrard de la Blanchet,MARSEILLE 13008,04.88.09.15.13,sylvie.evrard-de-la-blanchet@outlook.fr,,
Caroline,Guillou,LILLE 59260,03.05.87.89.80,,,24/06/1991
,Maillot de la Jacob,MARSEILLE 13008,04.26.67.92.19,,,21/10/1984
Noel-Bernard,Pons,TOULOUSE 31400,05.26.20.09.31,noel-bernard.pons@hotmail.fr,,
,Ferrand,NICE 6200,04.46.57.93.76,frederique.ferrand@gmail.com,barman,
Julie-Nathalie,Marques,PARIS 75011,01.44.23.55.10,julie-nathalie.marques@gmail.com,,01/04/1988
Simone,Boutin,NANTES 44300,02.97.93.28.42,simone.boutin@gmail.com,chercheur,27/11/1973
,Hamon-Robin,LYON 69006,04.74.51.30.58,denis.hamon-robin@gmail.com,footballeur,20/11/1988
Louis,De Sousa-Rodrigues,TOULOUSE 31300,05.92.20.99.18,louis.de-sousa-rodrigues@yahoo.fr,medecin,
Lucie-Bernadette,Maillot,LE HAVRE 76620,02.09.07.51.00,lucie-bernadette.maillot@gmail.com,footballeur,23/08/1984
Marine,Regnier,PARIS 75013,01.77.02.27.04,marine.regnier@server.fr,,
,Leleu Le Colas,TOULOUSE 31400,05.20.54.42.50,daisy.leleu-le-colas@gmail.com,barman,05/05/1992
,Michaud,MARSEILLE 13013,04.99.62.69.47,bertrand-emile.michaud@hotmail.fr,barman,07/03/1993
Diane,Barre,LYON 69008,04.72.08.31.74,diane.barre@outlook.fr,,09/03/2006
Eric,Evrard,PARIS 75018,01.72.47.75.17,eric.evrard@server.fr,enseignant,
Helene,Da Silva-Herve,NANTES 44200,02.20.84.92.96,helene.da-silva-herve@gmail.com,,31/08/1998
Tristan,Dupre,MONTPELLIER 34070,04.21.70.54.61,tristan.dupre@gmail.com,,06/09/1964
Raymond-Gilbert,Hoareau,NICE 6200,04.95.60.20.47,raymond-gilbert.hoareau@yahoo.fr,,01/11/1986
Thomas,Lebrun,,03.44.33.68.62,thomas.lebrun@gmail.com,enseignant,12/04/1984
Valerie-Adrienne,Mercier,PARIS 75013,01.76.87.17.34,valerie-adrienne.mercier@outlook.fr,,
Gregoire,Dumas,MARSEILLE 13013,04.23.19.10.86,gregoire.dumas@outlook.fr,,27/02/1990
Marthe,Schmitt,,04.25.94.02.23,marthe.schmitt@server.fr,chauffeur,
Maryse,Andre de la De Sousa,,04.11.83.03.38,maryse.andre-de-la-de-sousa@hotmail.fr,,11/12/2004
Maryse,Laporte Le Morel,,04.85.11.06.74,maryse.laporte-le-morel@gmail.com,militaire,
,Dumont,,01.61.77.51.18,guillaume.dumont@gmail.com,journaliste,23/04/2002
,de la Techer,NICE 6200,04.42.32.46.22,frederic.de-la-techer@outlook.fr,medecin,13/08/1997
Antoine,Gregoire,TOULOUSE 31100,05.95.79.80.34,antoine.gregoire@gmail.com,,
Alfred,Marty,MARSEILLE 13016,04.59.24.17.00,alfred.marty@gmail.com,banquier,
,Giraud-Leclerc,,04.02.41.01.49,roger.giraud-leclerc@gmail.com,acteur,07/08/2004
Celina,Dupont,,04.51.12.68.67,celina.dupont@outlook.fr,barman,23/11/1970
Guillaume,Giraud,NANTES 44100,02.43.35.13.74,guillaume.giraud@hotmail.fr,barman,
Genevieve,Toussaint,PARIS 75008,01.39.80.94.93,genevieve.toussaint@outlook.fr,militaire,
Thomas-Denis,Herve,MARSEILLE 13006,04.47.12.96.48,thomas-denis.herve@gmail.com,ouvrier,10/07/2003
Marcelle,Regnier,ST ETIENNE 42100,04.73.18.85.41,marcelle.regnier@outlook.fr,chauffeur,28/10/1990
Juliette,Teixeira,LE HAVRE 76620,02.14.16.99.03,juliette.teixeira@gmail.com,journaliste,02/12/1963
Antoine,Rousset,,04.48.22.98.14,antoine.rousset@gmail.com,journaliste,19/12/1997
Charles,Guyot,TOULOUSE 31100,05.50.46.63.32,charles.guyot@gmail.com,acteur,04/12/1954
Guillaume,Le Bouvet,BORDEAUX 33000,05.85.49.46.51,guillaume.le-bouvet@gmail.com,chef d'entreprise,
,Delmas,MARSEILLE 13002,04.97.09.53.31,claire.delmas@outlook.fr,enseignant,25/06/2002
Jeannine,Charrier,ST ETIENNE 42100,04.60.60.84.28,,03/12/1954
Alexandre,Robert,,04.57.43.03.13,alexandre.robert@gmail.com,,21/07/1994
Martin,Arnaud-Maillard,MARSEILLE 13009,04.32.38.66.47,martin.arnaud-maillard@hotmail.fr,,17/09/1969
Jules,Caron,MONTPELLIER 34070,04.77.18.00.44,jules.caron@outlook.fr,informaticien,
Lucy,Menard,,02.19.06.67.38,lucy.menard@outlook.fr,boulanger,05/11/1959
Benoit,Maurice,NANTES 44100,02.72.85.06.13,benoit.maurice@gmail.com,,07/09/1959
Alexandre,Marechal,,04.17.09.84.10,alexandre.marechal@outlook.fr,,
,Maillard,PARIS 75011,01.18.59.23.45,,,
Bernard,Meyer-Joubert,MARSEILLE 13005,04.34.14.22.74,bernard.meyer-joubert@gmail.com,,12/10/1961
,Gomez,,01.73.30.33.63,valerie.gomez@server.fr,acteur,21/03/1963
Aimee,du Maillot,,05.50.14.92.65,aimee.du-maillot@gmail.com,chef d'entreprise,
Gabriel,Maillot,NICE 6000,04.62.83.26.55,gabriel.maillot@outlook.fr,cuisinier,12/06/1990
Astrid,Nguyen-Lecomte,PARIS 75007,01.96.30.67.94,,07/10/2005
Xavier,du Weber,,04.16.69.78.02,xavier.du-weber@server.fr,architecte,02/03/1956
Manon,Bertrand,,04.12.94.93.13,manon.bertrand@server.fr,ouvrier,29/06/1996
Antoinette,Benoit,SAINT-DENIS 93210,01.47.53.32.77,antoinette.benoit@server.fr,medecin,25/05/1980
Thibault,Peltier,,05.15.83.59.97,thibault.peltier@outlook.fr,architecte,20/04/1959
Christine,Lemonnier,SAINT-DENIS 93210,01.37.30.47.89,christine.lemonnier@outlook.fr,acteur,25/02/1968
Clemence,Robin,NICE 6200,04.39.27.08.96,clemence.robin@gmail.com,,16/06/1970
Thomas,Adam,STRASBOURG 67100,03.39.74.87.75,thomas.adam@yahoo.fr,,14/01/1965
Gilbert-Gregoire,Fontaine,,03.35.90.39.09,gilbert-gregoire.fontaine@outlook.fr,,17/04/1956
Catherine,Pottier,RENNES 35000,02.30.90.05.91,catherine.pottier@server.fr,boulanger,
Caroline,Guyon-Marchand,,01.61.42.60.17,caroline.guyon-marchand@outlook.fr,,24/01/1977
,de la Gaudin,PARIS 75010,01.38.23.93.34,roland.de-la-gaudin@yahoo.fr,,
Roger,Le Roux,,04.56.86.31.33,,,29/11/1995
Suzanne,Guerin du David,LYON 69006,04.99.34.68.76,suzanne.guerin-du-david@hotmail.fr,footballeur,17/06/1998
,Le Maury,,04.26.80.25.87,dominique.le-maury@yahoo.fr,architecte,
Frederic,Julien,SAINT-DENIS 93210,01.51.59.84.93,frederic.julien@hotmail.fr,,
,David,MARSEILLE 13001,04.18.36.14.89,nathalie.david@yahoo.fr,architecte,
,Deschamps-Breton,MARSEILLE 13008,04.34.63.97.72,,,
Alexandre,Dos Santos de la Pereira,SAINT-DENIS 93210,01.27.04.63.81,,,29/08/1987
Emmanuelle,Diaz Le Roche,BORDEAUX 33000,05.07.00.69.76,emmanuelle.diaz-le-roche@gmail.com,,23/06/2004
Julien,Dubois-Brunel,PARIS 75014,01.38.31.71.99,julien.dubois-brunel@gmail.com,acteur,
,Bertin,MARSEILLE 13009,04.24.80.51.00,laure-anastasie.bertin@outlook.fr,footballeur,
Nicole,du Pages,,05.41.01.88.53,nicole.du-pages@yahoo.fr,technicien,04/07/1993
Georges,Grondin,,04.48.99.52.93,georges.grondin@yahoo.fr,journaliste,31/10/1970
Corinne,de la Albert,,04.79.41.89.18,corinne.de-la-albert@yahoo.fr,banquier,23/07/1973
Margaret,Hardy-Fouquet,SAINT-PRIEST 69800,04.28.29.63.49,,,
Guy,Bernard,MARSEILLE 13016,04.49.68.95.57,guy.bernard@hotmail.fr,footballeur,
,Gautier,NICE 6200,04.85.45.49.76,emmanuelle.gautier@gmail.com,,01/11/1997
,Charrier,LYON 69005,04.75.13.85.02,benjamin.charrier@yahoo.fr,comptable,
Martin,Lamy-Richard,PARIS 75018,01.35.57.15.56,martin.lamy-richard@hotmail.fr,,07/01/1977
Marie,Mallet,STRASBOURG 67100,03.87.20.07.34,marie.mallet@gmail.com,,23/03/1974
Amelie,Schmitt,,04.82.23.77.64,amelie.schmitt@yahoo.fr,acteur,04/07/1957
,Francois,,01.08.60.51.26,,03/11/1998
Aime-Thibaut,Germain,PARIS 75017,01.07.82.58.28,aime-thibaut.germain@outlook.fr,acteur,18/12/1957
Margaret-Isabelle,Jacquot,PARIS 75001,01.26.86.94.39,margaret-isabelle.jacquot@outlook.fr,,06/08/1975
Genevieve,Perrot Le Lopes,LYON 69002,04.79.08.65.92,genevieve.perrot-le-lopes@yahoo.fr,ouvrier,12/12/2005
Elise,Lamy,NICE 6200,04.94.65.07.55,elise.lamy@yahoo.fr,chef d'entreprise,
Benoit,Navarro,,04.91.90.20.57,benoit.navarro@yahoo.fr,militaire,03/06/1979
Paul,de la Guillon,MARSEILLE 13013,04.33.79.05.64,paul.de-la-guillon@outlook.fr,,18/12/2004
Elodie,Weiss de Riou,STRASBOURG 67100,03.36.19.48.46,elodie.weiss-de-riou@outlook.fr,journaliste,06/10/1999
Olivie,Pelletier,PARIS 75014,01.40.97.41.75,olivie.pelletier@gmail.com,boulanger,27/08/1960
Nicole,Ferreira du Chartier,GRENOBLE 38100,04.18.67.20.17,nicole.ferreira-du-chartier@yahoo.fr,chauffeur,22/11/1985
Tristan,Vasseur,STRASBOURG 67200,03.51.35.63.62,tristan.vasseur@gmail.com,medecin,17/09/1992
Margot-Dorothee,Deschamps,,01.07.58.53.79,margot-dorothee.deschamps@gmail.com,,
Arnaude,Martineau,MARSEILLE 13002,04.79.05.59.81,arnaude.martineau@yahoo.fr,,23/07/1977
Noel,Bouvier,LYON 69009,04.55.45.61.14,,footballeur,23/06/1990
,Maury,MARSEILLE 13008,04.57.39.07.68,clemence.maury@server.fr,agriculteur,
Alexandrie,Bailly-Bouchet,,05.82.35.03.16,alexandrie.bailly-bouchet@yahoo.fr,,05/03/1961
,Weber,MARSEILLE 13013,04.07.51.11.88,alix-daisy.weber@gmail.com,,05/12/1986
Penelope,Julien,MARSEILLE 13010,04.15.05.05.35,penelope.julien@server.fr,,
Guy-Alexandre,Jacques,LYON 69001,04.72.87.41.85,guy-alexandre.jacques@gmail.com,chauffeur,27/11/1991
Nathalie,Leger Le Perrot,,05.50.05.03.48,nathalie.leger-le-perrot@yahoo.fr,journaliste,
Patricia,Mercier,PARIS 75004,01.71.76.69.18,patricia.mercier@hotmail.fr,,
Franck,Alexandre,,02.11.52.13.66,franck.alexandre@gmail.com,chauffeur,29/06/1970
Honore-Henri,Gomez,NANTES 44000,02.89.58.53.77,honore-henri.gomez@hotmail.fr,cuisinier,29/10/1961
Thierry,Leduc,TOULOUSE 31200,05.28.39.43.21,,,
Emmanuel,Guillet,MARSEILLE 13010,04.41.59.26.77,emmanuel.guillet@hotmail.fr,agriculteur,20/09/1958
Roland,Guilbert,,04.99.63.09.91,roland.guilbert@outlook.fr,informaticien,
Suzanne,Ferrand,,02.80.20.52.87,suzanne.ferrand@gmail.com,militaire,18/08/1972
,Jacquot-Sanchez,MARSEILLE 13002,04.31.53.00.24,olivie.jacquot-sanchez@server.fr,,
Rene-Emile,Gilles,,01.01.27.60.20,rene-emile.gilles@yahoo.fr,,30/08/1973
William,Herve,NICE 6200,04.59.04.37.79,william.herve@yahoo.fr,chercheur,
Raymond-Emmanuel,Perez,PARIS 75009,01.92.48.96.86,raymond-emmanuel.perez@gmail.com,ouvrier,01/11/1997
Martine,Dumont,,05.91.08.14.14,martine.dumont@hotmail.fr,militaire,
Emile,Tanguy,MARSEILLE 13013,04.01.95.34.42,emile.tanguy@gmail.com,comptable,
Aime,de Poulain,PARIS 75116,01.05.23.22.77,aime.de-poulain@gmail.com,,
William,Jacques,MONTPELLIER 34070,04.44.27.63.67,william.jacques@gmail.com,technicien,24/09/1982
Rene,Barbier de Lacombe,MARSEILLE 13002,04.25.54.44.97,rene.barbier-de-lacombe@outlook.fr,informaticien,
Lucy,Renault,SAINT-DENIS 93210,01.27.06.86.43,lucy.renault@yahoo.fr,footballeur,15/03/1986
Joseph-Nicolas,Sanchez,,04.14.81.48.19,joseph-nicolas.sanchez@outlook.fr,technicien,29/01/1960
Arnaude,Faure,,01.05.68.46.17,,informaticien,
Francois,Charrier-Masse,RENNES 35200,02.98.73.08.19,francois.charrier-masse@outlook.fr,,
Arnaude-Corinne,Marie,,04.82.44.56.29,arnaude-corinne.marie@gmail.com,medecin,26/11/1992
Patricia,Lefebvre-Chretien,LILLE 59160,03.63.44.38.50,patricia.lefebvre-chretien@outlook.fr,footballeur,23/02/1989
Sylvie,Pruvost,MARSEILLE 13013,04.79.28.49.61,sylvie.pruvost@hotmail.fr,informaticien,12/09/1982
Martine,Gauthier,LE HAVRE 76620,02.07.96.03.29,martine.gauthier@outlook.fr,banquier,
Alfred,Chretien de Gillet,NANTES 44200,02.09.27.81.32,alfred.chretien-de-gillet@gmail.com,chef d'entreprise,13/04/1997
,Masse,PARIS 75006,01.01.76.52.71,margaud.masse@gmail.com,agriculteur,11/07/1968
Benoit,Lambert,,04.61.87.21.94,benoit.lambert@gmail.com,chef d'entreprise,19/09/1974
Theophile,Vallet,,01.35.96.24.06,,architecte,07/02/1976
Marianne,Turpin-Cousin,,04.21.93.61.97,marianne.turpin-cousin@gmail.com,comptable,
Martine,Wagner,,03.89.77.22.40,martine.wagner@gmail.com,boulanger,11/05/1967
,Alexandre du Rodriguez,MARSEILLE 13003,04.49.09.82.47,arthur.alexandre-du-rodriguez@gmail.com,enseignant,13/03/1992
Julie,Joly,TOULON 83100,04.91.89.26.41,julie.joly@outlook.fr,,
Hugues,Morin,MARSEILLE 13014,04.03.74.46.35,hugues.morin@server.fr,,20/04/1977
Marine,Gallet-Maillet,TOULOUSE 31200,05.70.17.99.86,marine.gallet-maillet@hotmail.fr,journaliste,06/11/1968
Danielle,Ribeiro,MARSEILLE 13003,04.60.93.24.97,danielle.ribeiro@gmail.com,comptable,03/05/1956
,De Oliveira,,02.17.76.44.99,paulette.de-oliveira@outlook.fr,,28/07/1966
,Ledoux,,04.90.14.19.29,adele-charlotte.ledoux@outlook.fr,,10/06/1971
Timothee,Riou-Hoareau,,02.37.78.72.37,timothee.riou-hoareau@gmail.com,journaliste,04/06/1976
Paul,Valette,LILLE 59000,03.87.62.68.70,paul.valette@gmail.com,,17/05/1968
Luc-Henri,Paul,PARIS 75013,01.10.11.48.37,luc-henri.paul@yahoo.fr,militaire,28/08/1979
Gregoire,du Lenoir,,04.25.31.44.70,gregoire.du-lenoir@hotmail.fr,journaliste,11/06/1967
Jules,Ribeiro,,04.62.67.42.61,jules.ribeiro@hotmail.fr,,
Charles,Pages,BORDEAUX 33100,05.00.77.62.39,,footballeur,
,Guyon,,05.98.29.19.72,martin.guyon@outlook.fr,chauffeur,04/01/1996
Lucie,Berthelot,MARSEILLE 13013,04.18.31.29.17,lucie.berthelot@server.fr,,13/05/1987
Michele-Alexandria,Simon,,01.69.63.22.94,michele-alexandria.simon@gmail.com,technicien,25/12/1987
Henri,Da Costa,,05.19.27.27.58,henri.da-costa@gmail.com,architecte,
Christelle,Marin,MARSEILLE 13005,04.64.82.13.09,christelle.marin@gmail.com,journaliste,20/09/1960
Alfred,Gros,,01.26.00.66.74,,,
Emmanuel,Torres de Maillet,,05.81.12.25.15,emmanuel.torres-de-maillet@hotmail.fr,,
Thomas,Royer,ST ETIENNE 42100,04.26.70.56.05,thomas.royer@outlook.fr,,
,Toussaint,GIVORS 69700,04.52.75.93.46,daniel.toussaint@gmail.com,,26/10/1972
Nathalie,Buisson,PARIS 75010,01.50.62.28.78,nathalie.buisson@gmail.com,militaire,23/12/1966
,Cousin,BORDEAUX 33200,05.59.46.46.41,madeleine.cousin@outlook.fr,avocat,
Antoinette,Jacob de Pottier,,03.84.20.69.36,,01/02/1997
Philippe,Martins,ST ETIENNE 42000,04.80.14.62.94,,,17/08/1954
Corinne,Garnier,BORDEAUX 33200,05.67.19.50.26,,,27/07/1980
Audrey-Claudine,Pottier,LYON 69009,04.48.56.34.56,audrey-claudine.pottier@yahoo.fr,ouvrier,22/12/1977
Agnes-Colette,Fouquet,BORDEAUX 33300,05.37.75.27.27,agnes-colette.fouquet@gmail.com,avocat,02/11/1962
Olivie,Merle,PARIS 75015,01.18.76.61.86,olivie.merle@outlook.fr,,11/02/1955
Celina,du Gimenez,PARIS 75008,01.01.65.89.67,celina.du-gimenez@yahoo.fr,agriculteur,
Jacques,Marion,MARSEILLE 13013,04.78.88.15.69,jacques.marion@gmail.com,informaticien,16/10/1957
Arthur-Victor,Berger,,04.47.46.81.74,arthur-victor.berger@outlook.fr,informaticien,
,Perrin,MARSEILLE 13002,04.74.61.32.80,elisabeth-agnes.perrin@outlook.fr,militaire,
Anouk,Salmon,NANTES 44300,02.79.24.61.34,anouk.salmon@outlook.fr,chercheur,
,Guerin,NICE 6000,04.42.42.81.84,charlotte.guerin@outlook.fr,,17/09/2002
Alexandrie,Morel,,04.67.41.80.33,alexandrie.morel@gmail.com,,05/05/1959
Marthe,Le Noel,,04.20.15.85.60,,chauffeur,
Anastasie,Lambert,PARIS 75015,01.69.66.96.51,anastasie.lambert@server.fr,acteur,09/10/1979
Margaret,Nguyen,,05.75.23.27.28,margaret.nguyen@server.fr,,25/06/1989
Alfred,Maillot,,01.28.16.52.82,alfred.maillot@outlook.fr,,08/01/1989
Clemence,Briand,PARIS 75017,01.22.79.30.77,clemence.briand@gmail.com,,02/03/1975
Amelie,Joly,PARIS 75008,01.38.71.13.58,amelie.joly@gmail.com,banquier,
Nicole,Briand,,05.63.03.52.83,nicole.briand@yahoo.fr,,
Frederic,Pascal-Baron,PARIS 75018,01.14.45.63.58,frederic.pascal-baron@hotmail.fr,informaticien,25/04/1958
Luce,Fabre du Lesage,MARSEILLE 13010,04.65.78.34.27,luce.fabre-du-lesage@hotmail.fr,cuisinier,
Nath,Arnaud,,04.19.04.26.98,nath.arnaud@gmail.com,chauffeur,
Alexandria,Gonzalez,,04.13.62.12.82,alexandria.gonzalez@gmail.com,journaliste,29/07/1987
Amelie,Bourdon,NICE 6200,04.40.01.01.14,amelie.bourdon@hotmail.fr,militaire,02/06/1982
Amelie-Celina,Leveque,,02.80.88.90.31,amelie-celina.leveque@hotmail.fr,,05/10/1984
Bertrand,Bourdon,MARSEILLE 13014,04.75.82.81.14,bertrand.bourdon@gmail.com,banquier,
Andre,Fischer de Guillot,PARIS 75005,01.54.61.62.72,andre.fischer-de-guillot@yahoo.fr,,20/10/1987
Olivie,Le Becker,MONTPELLIER 34090,04.73.32.96.45,olivie.le-becker@hotmail.fr,chauffeur,27/08/1994
,David de Mary,MONTPELLIER 34000,04.19.41.05.98,joseph.david-de-mary@gmail.com,architecte,21/09/1977
Anouk,Colas-Munoz,NANTES 44000,02.87.81.08.65,anouk.colas-munoz@yahoo.fr,informaticien,
Luc,Paul,NICE 6100,04.60.49.85.46,luc.paul@gmail.com,chercheur,04/07/1959
Timothee,Maury,PARIS 75010,01.71.09.38.00,timothee.maury@server.fr,,
Elodie,Labbe,MARSEILLE 13006,04.20.64.32.93,elodie.labbe@gmail.com,,
,Roche,MARSEILLE 13003,04.57.44.17.41,benjamin.roche@gmail.com,cuisinier,14/08/1986
Bertrand,Maillard,PARIS 75009,01.95.63.35.31,bertrand.maillard@gmail.com,,
Sabine,Munoz de Lopes,LYON 69006,04.74.24.81.57,sabine.munoz-de-lopes@hotmail.fr,comptable,
Eugene,Joubert,PARIS 75017,01.86.56.01.98,eugene.joubert@yahoo.fr,barman,01/03/1986
Renee,Peron,STRASBOURG 67200,03.48.21.84.90,,ouvrier,03/05/1967
,Martin,LE HAVRE 76610,02.33.29.34.52,aimee.martin@hotmail.fr,chercheur,
Marcel,Masson de la Lacroix,,04.53.83.18.67,marcel.masson-de-la-lacroix@yahoo.fr,chauffeur,09/01/1998
,Lemoine,TOULOUSE 31500,05.64.57.43.80,corinne.lemoine@outlook.fr,,26/01/1986
Matthieu,Brun de la Imbert,MARSEILLE 13007,04.37.67.94.73,matthieu.brun-de-la-imbert@gmail.com,technicien,28/01/1984
Margaud,Lagarde,,02.97.06.60.69,margaud.lagarde@gmail.com,technicien,25/01/1989
Adrien,Guillot Le Robert,MARSEILLE 13016,04.11.95.55.89,adrien.guillot-le-robert@server.fr,,22/06/1957
Augustin,Meyer de la Fernandes,,04.43.65.49.27,augustin.meyer-de-la-fernandes@outlook.fr,,14/06/1998
,Verdier,,01.23.62.64.38,,architecte,16/10/2005
Francois,Pons,,05.32.95.55.89,francois.pons@hotmail.fr,,
Benoit,Delahaye,,01.63.20.35.40,benoit.delahaye@outlook.fr,chercheur,09/12/1980
Laurent,Loiseau,MARSEILLE 13009,04.19.44.45.75,laurent.loiseau@server.fr,,18/01/1982
,Germain,GRENOBLE 38100,04.04.97.22.85,zoe.germain@yahoo.fr,acteur,12/12/1996
David,Guichard,,01.95.90.05.46,david.guichard@hotmail.fr,,
Etienne,Petit,MARSEILLE 13009,04.04.98.43.79,etienne.petit@yahoo.fr,,01/12/1978
Frederique,Voisin,ST ETIENNE 42100,04.65.05.36.09,frederique.voisin@gmail.com,,
Thibault,Gomes,,01.99.77.35.14,thibault.gomes@hotmail.fr,cuisinier,31/01/1968
Anais,Blanchet,,01.85.73.18.11,anais.blanchet@gmail.com,,23/09/2002
Eric,Guichard,GRENOBLE 38000,04.03.96.96.16,eric.guichard@gmail.com,journaliste,03/06/1975
Nath,Bouchet de la Collet,MARSEILLE 13013,04.84.52.30.22,nath.bouchet-de-la-collet@server.fr,militaire,25/04/1997
Penelope,Benard,MARSEILLE 13013,04.39.52.64.18,penelope.benard@server.fr,agriculteur,
Michelle,Vincent,NICE 6100,04.19.86.67.03,michelle.vincent@gmail.com,boulanger,17/09/1962
Adele,Morel,PARIS 75005,01.61.90.23.50,adele.morel@yahoo.fr,,13/02/1955
Jacques,Vallee,,04.70.88.71.82,jacques.vallee@outlook.fr,,
Catherine-Elodie,Rocher,MARSEILLE 13013,04.42.47.15.80,catherine-elodie.rocher@outlook.fr,enseignant,01/03/2006
,Le Thierry,LYON 69002,04.07.87.41.94,,04/05/1969
Marie,Costa,,02.77.45.28.55,marie.costa@gmail.com,chauffeur,12/02/1990
,Carre,PARIS 75016,01.98.37.50.98,adrien.carre@gmail.com,acteur,25/09/1990
Corinne-Suzanne,Blanc,,04.60.91.22.25,corinne-suzanne.blanc@server.fr,cuisinier,24/10/1993
,De Oliveira,BORDEAUX 33000,05.15.55.51.86,christelle.de-oliveira@hotmail.fr,technicien,09/10/1977
,du Lefevre,,05.79.47.68.46,gabriel.du-lefevre@yahoo.fr,,12/10/1987
Pauline-Christiane,Gomes,LYON 69002,04.72.20.07.91,pauline-christiane.gomes@gmail.com,,29/05/1998
,Roche,MARSEILLE 13003,04.33.56.32.16,oceane.roche@server.fr,,
Danielle,Klein,MEYZIEU 69330,04.98.52.93.63,danielle.klein@outlook.fr,banquier,20/06/2002
Julien,Ferreira,MARSEILLE 13012,04.64.63.28.55,julien.ferreira@gmail.com,,03/12/1955
Thomas,Blanchet de la Pages,,01.67.26.63.77,thomas.blanchet-de-la-pages@yahoo.fr,,27/01/1988
Susan,Roche-Muller,NANTES 44200,02.43.62.50.74,susan.roche-muller@yahoo.fr,,20/07/2002
,Ollivier,MARSEILLE 13006,04.18.92.78.72,michelle.ollivier@gmail.com,,
Ines,Legros,BORDEAUX 33300,05.79.13.88.82,ines.legros@gmail.com,enseignant,21/05/1999
Louis,Meunier,TOULOUSE 31300,05.72.16.26.52,louis.meunier@gmail.com,,10/06/1984
Theodore,Dias,MARSEILLE 13013,04.02.42.17.47,theodore.dias@yahoo.fr,,
,Legros,,02.99.62.03.60,marie.legros@server.fr,,
Brigitte-Manon,Gonzalez,,04.09.67.27.07,brigitte-manon.gonzalez@outlook.fr,,25/01/1962
,Brunel,MARSEILLE 13002,04.32.16.17.16,paulette.brunel@gmail.com,comptable,
Alexandrie-Constance,Gillet,MARSEILLE 13008,04.50.15.63.01,alexandrie-constance.gillet@outlook.fr,militaire,16/05/1970
Arthur,Dijoux,STRASBOURG 67000,03.89.22.06.97,arthur.dijoux@gmail.com,acteur,18/07/1977
Manon,Collin,,05.65.90.79.74,manon.collin@outlook.fr,architecte,15/11/1967
Denise,de Alves,,02.28.40.44.91,denise.de-alves@outlook.fr,,12/09/1963
Alfred,de la Paul,,04.27.94.26.89,,,19/09/1959
Emmanuelle,Francois,,04.71.36.01.63,emmanuelle.francois@outlook.fr,,22/09/1967
Jacques,Blin,LE HAVRE 76600,02.83.99.67.65,jacques.blin@outlook.fr,,16/10/1961
Robert,Mace,MONTPELLIER 34000,04.76.51.30.59,,architecte,30/09/1994
Therese,Henry,SAINT-DENIS 93200,01.69.40.00.65,therese.henry@hotmail.fr,boulanger,
Daniel,Leconte,MARSEILLE 13002,04.12.55.86.48,daniel.leconte@gmail.com,chercheur,10/05/1991
Adrien,Pruvost,NICE 6100,04.65.84.72.72,adrien.pruvost@outlook.fr,,
Bertrand,Bousquet,,04.62.36.76.36,bertrand.bousquet@hotmail.fr,banquier,27/06/1995
Louis,Picard,,04.65.33.09.66,louis.picard@outlook.fr,,08/05/1989
Elise-Anne,Fouquet,LYON 69002,04.24.68.31.34,elise-anne.fouquet@gmail.com,,25/03/1956
,Daniel,CALUIRE-ET-CUIRE 69300,04.31.29.71.32,arthur.daniel@gmail.com,avocat,24/03/1962
Robert,Brunel,,02.17.73.69.71,robert.brunel@outlook.fr,chercheur,20/07/1977
,du Guibert,,02.50.84.75.61,paul.du-guibert@hotmail.fr,,21/02/1986
,Bouvier,,04.80.91.27.65,emile.bouvier@gmail.com,chef d'entreprise,04/02/1961
,de la Joubert,PARIS 75011,01.86.94.94.17,louise.de-la-joubert@hotmail.fr,,19/06/1996
Maryse,Marie,,04.83.32.94.20,maryse.marie@gmail.com,medecin,15/08/1999
,Jacquet,RENNES 35200,02.24.96.38.28,maurice.jacquet@yahoo.fr,chercheur,
Hugues,Colas,CALUIRE-ET-CUIRE 69300,04.46.11.60.71,,chauffeur,07/11/1977
Nicole,Bouvet-Pierre,PARIS 75011,01.17.55.79.83,nicole.bouvet-pierre@yahoo.fr,militaire,
,Toussaint,MARSEILLE 13011,04.41.40.83.85,sabine.toussaint@yahoo.fr,chef d'entreprise,
Alfred-Richard,Hamel,NICE 6200,04.91.30.33.42,alfred-richard.hamel@server.fr,ouvrier,24/07/1956
Aurore,Salmon,PARIS 75007,01.02.25.79.91,,08/12/1993
Antoine-Martin,Moreau,MARSEILLE 13009,04.58.69.93.28,,,
Alphonse,Verdier de Georges,,02.89.92.10.54,alphonse.verdier-de-georges@hotmail.fr,ouvrier,02/02/1964
,Noel du Berger,MARSEILLE 13016,04.37.12.17.09,noemi.noel-du-berger@outlook.fr,journaliste,18/07/1983
Margaud,Noel,LILLE 59260,03.02.30.37.85,margaud.noel@hotmail.fr,,07/02/1975
Alice,Martineau,,04.21.37.85.91,alice.martineau@outlook.fr,journaliste,20/02/1966
Adrienne,Pages,LYON 69006,04.78.35.33.87,adrienne.pages@yahoo.fr,,15/02/1962
Guy,Bazin,MARSEILLE 13008,04.51.93.31.60,guy.bazin@gmail.com,,09/05/1956
,Le Bailly,STRASBOURG 67200,03.05.78.02.42,philippe.le-bailly@outlook.fr,footballeur,23/05/1979
Helene,Perret,,04.79.52.40.44,helene.perret@gmail.com,militaire,05/02/1960
,Hebert,,03.40.70.88.85,sebastien.hebert@hotmail.fr,,21/08/1958
,Delorme,MARSEILLE 13013,04.62.92.18.08,laurence.delorme@hotmail.fr,comptable,
Benjamin,De Oliveira,LE HAVRE 76600,02.19.74.16.53,benjamin.de-oliveira@outlook.fr,,03/10/1979
,Le Roux,LE HAVRE 76610,02.81.86.42.35,alice.le-roux@outlook.fr,cuisinier,25/07/1968
Anastasie-Alice,Gimenez,PARIS 75003,01.24.57.14.68,anastasie-alice.gimenez@outlook.fr,footballeur,11/04/1998
Pierre,Maillot,,04.88.35.59.08,pierre.maillot@gmail.com,comptable,22/04/1958
Benoit,Traore Le Imbert,PARIS 75116,01.29.56.39.82,benoit.traore-le-imbert@gmail.com,agriculteur,14/08/1985
Astrid-Anais,Robert,PARIS 75002,01.25.85.22.99,astrid-anais.robert@server.fr,avocat,
,Le Dupuis,,01.94.77.43.86,luce.le-dupuis@gmail.com,boulanger,21/01/1972
,Vasseur,,01.00.46.88.97,isabelle.vasseur@gmail.com,acteur,26/01/2002
Christiane,Lefevre-Clement,,05.59.02.22.07,christiane.lefevre-clement@outlook.fr,,01/11/1957
,Berger,,01.56.52.45.72,gabriel.berger@outlook.fr,footballeur,11/12/1996
Michelle,Loiseau,NANTES 44200,02.22.78.83.98,michelle.loiseau@gmail.com,avocat,29/06/1992
,Lelievre,MARSEILLE 13008,04.34.79.82.17,jacques.lelievre@gmail.com,banquier,23/02/1989
Eugene,Leroy,LYON 69008,04.78.08.69.57,eugene.leroy@gmail.com,architecte,15/05/1982
Leon,Techer,,04.93.61.10.84,leon.techer@yahoo.fr,,
Andre,Muller-Dubois,PARIS 75007,01.98.25.72.78,andre.muller-dubois@hotmail.fr,,29/12/1965
Xavier,Mathieu,,04.53.03.59.24,xavier.mathieu@gmail.com,acteur,10/01/1986
Benoit,Jacquot-Guillet,MARSEILLE 13009,04.29.32.88.95,benoit.jacquot-guillet@hotmail.fr,militaire,13/04/1980
Denise,Courtois,,04.32.83.80.38,denise.courtois@server.fr,,14/09/1971
Danielle,Barbe du Collin,PIERRE BENITE 69310,04.48.90.45.12,danielle.barbe-du-collin@hotmail.fr,,13/11/1989
Noemi,Sanchez-Delattre,MARSEILLE 13013,04.39.28.74.89,noemi.sanchez-delattre@outlook.fr,comptable,15/12/1954
Vincent,Rodriguez,MARSEILLE 13013,04.98.40.90.46,vincent.rodriguez@yahoo.fr,,10/04/1994
Michele,Levy-Delmas,MARSEILLE 13009,04.24.10.93.23,michele.levy-delmas@outlook.fr,journaliste,02/04/1964
Simone,Traore de Allain,GRENOBLE 38000,04.13.70.65.80,simone.traore-de-allain@outlook.fr,,
Celina,Chartier,PARIS 75001,01.40.26.72.36,celina.chartier@outlook.fr,,
David-Denis,Delorme,LYON 69002,04.20.19.46.40,david-denis.delorme@outlook.fr,journaliste,28/01/1983
Marcelle,Pages,PARIS 75116,01.84.79.89.00,marcelle.pages@gmail.com,,02/11/2000
Arthur,Levy,LE HAVRE 76610,02.96.97.99.65,arthur.levy@hotmail.fr,journaliste,27/12/1979
