Jacques,Leveque,STRASBOURG 67000,03.06.15.50.66,jacques.leveque@yahoo.fr,cuisinier,
Diane-Emilie,Raynaud,BORDEAUX 33300,05.55.40.21.83,diane-emilie.raynaud@gmail.com,,23/04/1955
Isabelle-Celine,Bertrand,PARIS 75018,01.86.50.18.09,isabelle-celine.bertrand@outlook.fr,footballeur,23/10/1966
Gilles,Hoareau du Fournier,MARSEILLE 13007,04.11.43.73.46,gilles.hoareau-du-fournier@outlook.fr,informaticien,28/04/1975
,Mary,,04.05.38.17.46,alex-gabrielle.mary@hotmail.fr,ouvrier,
Xavier,Joubert,TOULOUSE 31300,05.51.71.21.93,xavier.joubert@gmail.com,footballeur,17/03/2001
Agathe,Dupuis,SAINT-DENIS 93200,01.85.30.85.64,agathe.dupuis@server.fr,,04/03/2002
,Joly,MARSEILLE 13006,04.65.70.55.50,robert.joly@gmail.com,ouvrier,21/08/1988
Suzanne,Humbert du Gilles,,04.63.61.76.37,,03/03/1975
Christine-Andree,Gilles,,01.83.86.77.15,,banquier,03/05/1956
,Bertrand,PARIS 75018,01.30.88.03.10,benjamin.bertrand@yahoo.fr,chercheur,19/11/1984
,Louis,,04.87.41.22.69,paulette.louis@yahoo.fr,barman,06/02/2006
Guillaume,Martel Le Hardy,MARSEILLE 13014,04.31.53.51.07,guillaume.martel-le-hardy@hotmail.fr,boulanger,
Genevieve-Agathe,Guichard,,04.16.06.02.22,,comptable,30/12/1996
Jules,Carlier,,05.22.73.88.53,jules.carlier@gmail.com,,13/10/1956
,Carlier,,05.02.47.23.39,claudine.carlier@gmail.com,,
Lucie,Dubois,,02.04.75.30.79,lucie.dubois@gmail.com,cuisinier,
Laetitia,Lefort,,04.45.59.65.37,laetitia.lefort@yahoo.fr,chef d'entreprise,
,Blanc,CALUIRE-ET-CUIRE 69300,04.90.36.92.49,frederic-julien.blanc@yahoo.fr,,
Frederic,Lefebvre,LYON 69006,04.51.62.81.72,frederic.lefebvre@outlook.fr,acteur,
Alexandre,Marchal,MONTPELLIER 34070,04.08.73.00.09,alexandre.marchal@yahoo.fr,,21/10/1956
Christine,Diallo,GIVORS 69700,04.10.99.09.41,christine.diallo@outlook.fr,,
Marianne,Leconte,,04.63.64.28.56,,,
Lucy,Guichard,,04.59.20.45.26,lucy.guichard@gmail.com,banquier,
,Dijoux-Legendre,,02.39.56.11.14,lorraine.dijoux-legendre@outlook.fr,,20/12/1988
Frederic,Julien,SAINT-DENIS 93210,01.51.59.84.93,frederic.julien@hotmail.fr,,
,Duval,PARIS 75007,01.84.96.24.82,jeanne-antoinette.duval@yahoo.fr,acteur,
Joseph-Nicolas,Sanchez,,04.14.81.48.19,joseph-nicolas.sanchez@outlook.fr,technicien,29/01/1960
Adele,Renaud,,04.99.15.92.71,adele.renaud@yahoo.fr,,
Pauline,Colas,PARIS 75007,01.95.98.07.41,pauline.colas@yahoo.fr,,07/02/1981
Frederic,Didier de Blot,LYON 69003,04.00.60.14.00,frederic.didier-de-blot@yahoo.fr,architecte,
Honore,Becker du Andre,LILLE 59000,03.64.75.01.95,honore.becker-du-andre@server.fr,avocat,28/05/1980
,Louis,,01.41.27.78.22,emmanuelle.louis@hotmail.fr,,10/05/1972
Patricia,Pascal-Hubert,MARSEILLE 13001,04.40.06.02.77,patricia.pascal-hubert@server.fr,,21/02/2002
,de Lecomte,NICE 06200,04.61.47.03.25,michel.de-lecomte@hotmail.fr,chauffeur,06/02/1983
Georges,Blanchet du Da Costa,MARSEILLE 13013,04.15.30.10.08,georges.blanchet-du-da-costa@server.fr,architecte,
Aime,Didier de Le Gall,,05.30.54.91.53,aime.didier-de-le-gall@outlook.fr,barman,
Roland,Pons,NICE 06200,04.22.81.75.09,,informaticien,06/01/1993
,Gay de Girard,BORDEAUX 33000,05.69.88.86.19,matthieu.gay-de-girard@yahoo.fr,cuisinier,22/03/1999
Virginie,du Tessier,MARSEILLE 13011,04.74.18.02.18,virginie.du-tessier@gmail.com,,04/09/1993
Pierre,Laporte-Leroux,GRENOBLE 38100,04.50.93.40.52,pierre.laporte-leroux@yahoo.fr,,23/01/1979
Jerome,Dupuy,PARIS 75006,01.05.04.33.99,jerome.dupuy@yahoo.fr,,19/08/1997
Nath,Roger-Lecomte,PARIS 75014,01.97.30.72.72,nath.roger-lecomte@server.fr,,09/02/1989
Henri,Barbe,NICE 06100,04.41.87.75.08,henri.barbe@hotmail.fr,,22/08/1977
,Imbert,,05.94.10.66.91,isaac.imbert@gmail.com,chercheur,05/11/2005
Auguste,Germain,,04.42.57.24.84,auguste.germain@outlook.fr,architecte,19/07/1957
Louis,Fouquet de Robin,GRENOBLE 38100,04.41.02.21.11,louis.fouquet-de-robin@yahoo.fr,,
Bernard,Faivre-Prevost,PARIS 75008,01.68.76.09.73,bernard.faivre-prevost@yahoo.fr,informaticien,
Gabriel-Tristan,Delmas,MARSEILLE 13008,04.48.71.40.33,,informaticien,04/02/2003
,Dijoux,,03.06.68.98.73,,acteur,01/04/1976
Margaret,Hebert,NICE 06200,04.88.84.26.96,margaret.hebert@server.fr,ouvrier,12/05/2002
Vincent,Lelievre,,05.03.69.36.05,vincent.lelievre@gmail.com,,31/10/1978
,Etienne,PARIS 75013,01.56.01.26.48,stephanie.etienne@outlook.fr,barman,09/06/2000
Corinne,de la Ferrand,,04.56.26.59.66,,05/09/1984
Franck,Legendre du Huet,PARIS 75020,01.74.15.23.75,franck.legendre-du-huet@outlook.fr,banquier,01/11/1991
,Pires,PARIS 75010,01.77.05.57.36,,,12/10/2000
,Normand,PARIS 75001,01.49.21.62.27,robert-yves.normand@hotmail.fr,militaire,
Thibaut,de la Delattre,MARSEILLE 13009,04.57.46.34.04,thibaut.de-la-delattre@gmail.com,agriculteur,21/01/2003
Theodore,Guibert,,01.24.43.70.83,theodore.guibert@gmail.com,enseignant,08/10/1956
Audrey,Perez,LYON 69002,04.57.30.01.35,audrey.perez@gmail.com,,19/08/2000
Emile,Lenoir,RENNES 35000,02.90.19.88.75,emile.lenoir@hotmail.fr,cuisinier,
Sebastien,Le Gall de Dupuy,TOULOUSE 31500,05.60.59.00.03,,,17/05/1973
,Jacquet-Pichon,RENNES 35200,02.52.84.77.27,andre.jacquet-pichon@outlook.fr,chef d'entreprise,
,de Ruiz,,05.30.83.23.62,emmanuel.de-ruiz@yahoo.fr,boulanger,10/11/2000
,Potier,,01.59.26.65.99,laure.potier@yahoo.fr,journaliste,
Etienne,Roche,,05.86.42.22.57,etienne.roche@gmail.com,,28/05/1991
Dorothee,Moreau du Carre,PARIS 75116,01.28.81.74.18,,architecte,
Martin,Guyon,TOULOUSE 31100,05.58.44.25.49,martin.guyon@hotmail.fr,comptable,17/07/1974
Elodie,Muller,PARIS 75017,01.02.55.03.77,elodie.muller@server.fr,footballeur,
Augustin-Eugene,Guerin,,05.78.75.16.57,augustin-eugene.guerin@outlook.fr,enseignant,14/04/1977
Dorothee,Renard-Marechal,NANTES 44200,02.95.58.00.36,dorothee.renard-marechal@outlook.fr,chercheur,01/05/1965
Mathilde,Antoine,NANTES 44300,02.45.02.69.43,mathilde.antoine@gmail.com,journaliste,11/03/1990
Anouk,Renault du Michaud,TOULOUSE 31000,05.87.00.18.73,anouk.renault-du-michaud@yahoo.fr,,10/08/1974
Jacqueline,Voisin,MARSEILLE 13011,04.64.91.34.59,jacqueline.voisin@gmail.com,footballeur,18/05/1967
Robert,Jacques,STRASBOURG 67200,03.92.34.94.97,robert.jacques@yahoo.fr,,
Timothee,Couturier,VILLEURBANNE 69100,04.48.11.23.56,timothee.couturier@yahoo.fr,avocat,06/03/1968
Philippine,Huet,RENNES 35000,02.15.99.88.77,,chauffeur,
Remy,Fontaine,,05.69.03.36.23,,informaticien,25/02/1968
Bernard,Hernandez,MARSEILLE 13007,04.62.45.66.58,bernard.hernandez@server.fr,militaire,24/06/1986
Etienne,de Mahe,MARSEILLE 13009,04.79.62.60.04,etienne.de-mahe@hotmail.fr,,
Elodie,Leduc,MARSEILLE 13008,04.45.12.23.63,elodie.leduc@gmail.com,medecin,
Gregoire,Pottier,,04.76.75.03.14,gregoire.pottier@outlook.fr,,
Benoit,Delattre,TOULOUSE 31000,05.20.26.28.86,benoit.delattre@hotmail.fr,ouvrier,12/06/1996
Elise,Le Meyer,PARIS 75018,01.45.81.83.50,elise.le-meyer@outlook.fr,,26/08/1981
Philippe-Bernard,Adam,TOULOUSE 31300,05.47.27.25.65,philippe-bernard.adam@yahoo.fr,informaticien,15/09/1980
Isabelle-Lucie,Rocher,,04.11.46.06.20,isabelle-lucie.rocher@yahoo.fr,,20/06/1969
,Peltier-Laurent,,01.62.82.99.17,paul.peltier-laurent@hotmail.fr,,07/12/1988
Renee,Lebrun-Diaz,,04.09.95.75.02,renee.lebrun-diaz@hotmail.fr,chef d'entreprise,
,Allain,NANTES 44000,02.95.40.33.81,alice.allain@yahoo.fr,enseignant,13/08/1965
Gabriel,Le Mendes,BRON 69500,04.35.48.36.07,gabriel.le-mendes@yahoo.fr,,31/05/1970
Nath,Arnaud,,04.19.04.26.98,nath.arnaud@gmail.com,chauffeur,
Richard,Briand,PARIS 75116,01.38.97.92.74,richard.briand@hotmail.fr,ouvrier,14/05/1969
Xavier-Georges,Lombard,NANTES 44200,02.85.93.10.09,xavier-georges.lombard@outlook.fr,,
Jeannine-Chantal,Paul,,04.84.65.08.20,jeannine-chantal.paul@hotmail.fr,boulanger,21/10/1961
Monique,Techer,PARIS 75011,01.78.37.26.78,monique.techer@outlook.fr,,10/07/1969
,Bigot,PARIS 75009,01.80.42.54.33,antoine-roger.bigot@hotmail.fr,avocat,29/02/1984
Julien-Aime,Brunel,AIX-EN-PROVENCE 13090,04.27.78.62.47,julien-aime.brunel@gmail.com,militaire,
Aurore,Lesage,PARIS 75003,01.92.95.43.44,aurore.lesage@hotmail.fr,comptable,
Matthieu,Lacroix,PARIS 75003,01.89.74.55.41,matthieu.lacroix@yahoo.fr,footballeur,11/11/1991
Laure,Lucas,MARSEILLE 13009,04.31.31.06.30,laure.lucas@yahoo.fr,,
Alfred,Peron,,01.33.97.96.18,alfred.peron@yahoo.fr,,
Honore,du Chauvet,PARIS 75007,01.65.51.16.61,,avocat,
Olivier,Lacombe,PARIS 75016,01.26.19.16.69,olivier.lacombe@hotmail.fr,chercheur,28/06/1981
Tristan,Torres,PARIS 75002,01.22.65.08.16,tristan.torres@hotmail.fr,chauffeur,12/08/1991
,Guerin,NICE 06000,04.42.42.81.84,charlotte.guerin@outlook.fr,,17/09/2002
Benjamin,Bernier,,05.97.72.58.64,benjamin.bernier@hotmail.fr,boulanger,
Marthe,Leveque,MARSEILLE 13013,04.14.22.63.26,marthe.leveque@yahoo.fr,chauffeur,
,Moulin,PARIS 75001,01.93.56.11.42,guy.moulin@yahoo.fr,,10/07/2001
Olivier,Ollivier,ST ETIENNE 42100,04.75.74.97.36,olivier.ollivier@yahoo.fr,enseignant,
Frederique,Voisin,ST ETIENNE 42100,04.65.05.36.09,frederique.voisin@gmail.com,,
Pauline-Christiane,Gomes,LYON 69002,04.72.20.07.91,pauline-christiane.gomes@gmail.com,,29/05/1998
Denis,Reynaud de Meyer,,04.70.11.98.65,denis.reynaud-de-meyer@hotmail.fr,comptable,12/10/1967
Antoine,Gautier,TOULOUSE 31400,05.73.54.48.01,antoine.gautier@hotmail.fr,,26/12/1957
Emile,Bernier Le Monnier,PARIS 75014,01.05.17.22.85,emile.bernier-le-monnier@outlook.fr,chauffeur,24/03/1993
,Leroux,PARIS 75016,01.62.52.34.03,isabelle-claude.leroux@hotmail.fr,,21/08/1986
Jeannine,Lombard de Merle,LILLE 59000,03.06.58.08.29,,banquier,
,de la Monnier,MARSEILLE 13006,04.03.44.60.69,henri.de-la-monnier@hotmail.fr,,
Victor,Guillon du Thibault,,03.23.56.54.21,victor.guillon-du-thibault@gmail.com,technicien,22/09/1975
Raymond,Bonnet,STRASBOURG 67000,03.09.12.42.18,raymond.bonnet@outlook.fr,,
,De Oliveira,,02.17.76.44.99,paulette.de-oliveira@outlook.fr,,28/07/1966
Alfred,de Carre,GRENOBLE 38000,04.45.51.12.86,alfred.de-carre@server.fr,,11/04/1956
Claire,Lemaire,LYON 69007,04.87.56.17.87,claire.lemaire@gmail.com,militaire,
Richard,Bruneau,TOULOUSE 31000,05.52.34.91.89,richard.bruneau@yahoo.fr,cuisinier,
,Lopez,PARIS 75009,01.20.20.54.38,robert.lopez@gmail.com,avocat,
,Richard,LILLE 59000,03.21.60.16.74,margaret.richard@yahoo.fr,,15/09/1994
Lucy,Guillaume,VILLEURBANNE 69100,04.77.71.97.45,lucy.guillaume@yahoo.fr,informaticien,
Oceane,Brun du Gaudin,TOULOUSE 31000,05.26.67.94.21,oceane.brun-du-gaudin@gmail.com,,
,Martel Le Lemaire,GRENOBLE 38100,04.99.65.56.28,,comptable,26/07/1968
Lucie,Lambert,MONTPELLIER 34070,04.64.86.99.40,lucie.lambert@outlook.fr,,05/11/1993
Georges,Georges du Raymond,PARIS 75020,01.12.11.57.31,georges.georges-du-raymond@yahoo.fr,ouvrier,22/07/1984
Louis,Faivre,,04.94.24.83.22,louis.faivre@gmail.com,,19/09/1965
,Briand,,01.58.60.71.84,thibaut.briand@yahoo.fr,chef d'entreprise,08/07/1979
Dorothee,Nguyen,MONTPELLIER 34000,04.35.08.83.30,dorothee.nguyen@gmail.com,militaire,
Jean,Blanchard,LYON 69003,04.68.03.49.59,jean.blanchard@outlook.fr,barman,
Yves-Charles,Roche,NICE 06000,04.41.02.26.14,yves-charles.roche@gmail.com,technicien,30/10/1990
Daniel,Reynaud,,05.15.41.59.28,daniel.reynaud@outlook.fr,enseignant,30/07/1970
Nathalie,Perrin,,05.62.96.87.29,,agriculteur,23/02/1969
Marie,Courtois du Bouvier,TOULOUSE 31100,05.50.33.37.52,marie.courtois-du-bouvier@gmail.com,chauffeur,14/02/1983
,Carlier-Guyon,,02.57.94.91.98,denis.carlier-guyon@yahoo.fr,ouvrier,
Lucas,Menard,TOULON 83100,04.26.07.00.46,lucas.menard@outlook.fr,journaliste,25/08/1965
Michel-Antoine,Moulin,LYON 69006,04.26.18.04.41,michel-antoine.moulin@hotmail.fr,banquier,
Guy,Gosselin,PARIS 75019,01.28.60.85.68,guy.gosselin@hotmail.fr,chercheur,28/10/1954
Andree,Parent,MARSEILLE 13008,04.27.97.95.70,andree.parent@hotmail.fr,,10/02/1980
Francoise-Lucie,Chartier,,04.76.41.69.30,,technicien,
Thibaut,Brunet-Carre,PARIS 75007,01.43.37.87.61,thibaut.brunet-carre@yahoo.fr,,16/08/1963
Jerome,Dos Santos,RENNES 35000,02.68.87.37.79,jerome.dos-santos@yahoo.fr,,26/11/1961
Maryse,Baron,MARSEILLE 13013,04.81.74.37.96,maryse.baron@server.fr,banquier,29/03/1978
Susan,de Guyot,PARIS 75001,01.41.50.93.00,susan.de-guyot@gmail.com,journaliste,02/12/1981
Marcelle,Laurent,NICE 06200,04.74.44.67.59,marcelle.laurent@outlook.fr,banquier,
Richard,Rey du Letellier,,01.06.01.13.72,richard.rey-du-letellier@server.fr,technicien,27/02/1981
,Vincent,,01.07.43.00.50,colette.vincent@hotmail.fr,cuisinier,
Marie,Lebon,SAINT-DENIS 93200,01.61.78.71.45,marie.lebon@hotmail.fr,agriculteur,21/04/1958
Jeanne,Lefort,MONTPELLIER 34090,04.61.30.44.99,,,15/04/1960
Julien,Moreno,,01.13.54.77.61,julien.moreno@yahoo.fr,,08/07/2003
Emmanuelle,Le Gall,LYON 69004,04.82.70.85.49,emmanuelle.le-gall@hotmail.fr,,12/05/1970
Maurice,Simon,,04.43.85.60.31,maurice.simon@hotmail.fr,informaticien,01/07/1972
,Jacquot-Sanchez,MARSEILLE 13002,04.31.53.00.24,olivie.jacquot-sanchez@server.fr,,
Simone,Perrin,PARIS 75008,01.74.35.33.90,simone.perrin@gmail.com,,26/05/1965
Remy,Chevallier,PARIS 75001,01.91.80.56.73,remy.chevallier@hotmail.fr,,27/04/2000
Denis,Arnaud de Guillet,,01.62.97.83.76,denis.arnaud-de-guillet@hotmail.fr,informaticien,
Victoire,Jourdan,MARSEILLE 13011,04.53.68.37.43,victoire.jourdan@hotmail.fr,journaliste,21/02/1957
Lorraine,Allain,ST ETIENNE 42100,04.42.74.98.62,lorraine.allain@hotmail.fr,,17/07/1954
Auguste,Mary-Bonnin,,04.15.43.53.19,auguste.mary-bonnin@outlook.fr,chercheur,06/09/1957
Theodore,Fernandes-Clement,,05.43.38.36.05,theodore.fernandes-clement@outlook.fr,,08/01/1996
Corinne,Garnier,BORDEAUX 33200,05.67.19.50.26,,,27/07/1980
Sophie,Besson,STRASBOURG 67100,03.70.90.97.61,sophie.besson@yahoo.fr,,
Gabrielle,Jacob,MARSEILLE 13009,04.66.12.72.65,gabrielle.jacob@server.fr,footballeur,19/01/1967
,Perret Le Blot,MARSEILLE 13008,04.21.35.03.58,eugene.perret-le-blot@outlook.fr,avocat,28/04/1999
Jeanne,Clement-Peltier,GRENOBLE 38000,04.41.30.11.91,jeanne.clement-peltier@gmail.com,journaliste,15/12/1986
Daniel,Berthelot,MARSEILLE 13004,04.94.76.30.71,,boulanger,
Vincent,Vasseur,MARSEILLE 13006,04.05.91.90.62,vincent.vasseur@yahoo.fr,,
Augustin,Raymond,NICE 06000,04.95.29.46.73,augustin.raymond@gmail.com,,01/12/1974
Alphonse,Lebon,,05.87.11.24.36,alphonse.lebon@outlook.fr,chef d'entreprise,01/07/1969
Sabine-Aimee,Marin,PARIS 75011,01.70.01.77.11,,architecte,
Martin,Ribeiro,,01.89.28.50.49,martin.ribeiro@yahoo.fr,cuisinier,09/05/1966
Roland,Laporte,,02.03.40.70.18,,boulanger,
,Lecoq,PARIS 75004,01.81.03.20.33,,comptable,
Arthur,Camus Le Couturier,MARSEILLE 13005,04.69.52.02.54,arthur.camus-le-couturier@outlook.fr,ouvrier,17/12/1971
Maggie-Gabrielle,Labbe,LYON 69005,04.62.66.15.69,maggie-gabrielle.labbe@yahoo.fr,boulanger,
Brigitte,De Sousa,PARIS 75007,01.50.92.32.76,brigitte.de-sousa@hotmail.fr,,19/08/2000
Auguste,Sauvage,TOULOUSE 31000,05.14.05.79.73,auguste.sauvage@gmail.com,,17/06/1995
Vincent,Rodriguez,MARSEILLE 13013,04.98.40.90.46,vincent.rodriguez@yahoo.fr,,10/04/1994
Aime,Goncalves-Cordier,MARSEILLE 13007,04.88.53.11.40,aime.goncalves-cordier@outlook.fr,agriculteur,27/01/1967
Jean-Olivier,Giraud,PARIS 75005,01.00.54.75.64,jean-olivier.giraud@server.fr,,
Isabelle,Le Roux-Huet,,04.61.23.14.47,isabelle.le-roux-huet@hotmail.fr,agriculteur,
,Le Roux-Chartier,LE HAVRE 76610,02.07.31.00.11,alexandrie.le-roux-chartier@outlook.fr,,
Lucie,Berthelot,MARSEILLE 13013,04.18.31.29.17,lucie.berthelot@server.fr,,13/05/1987
Alfred,du Fernandes,,01.26.01.68.47,alfred.du-fernandes@gmail.com,chercheur,
,Barthelemy,PARIS 75019,01.99.89.19.71,nathalie.barthelemy@gmail.com,,
,Masson,PARIS 75008,01.24.28.35.08,alexandria.masson@hotmail.fr,,02/09/1989
Raymond,Lesage,GIVORS 69700,04.42.94.01.81,raymond.lesage@hotmail.fr,,27/05/1993
Henri,Roche,NICE 06100,04.26.43.33.17,henri.roche@gmail.com,,
,Clerc,LYON 69004,04.36.86.68.62,marcel.clerc@gmail.com,,
Emile,Lesage Le Fouquet,PARIS 75009,01.77.23.49.90,emile.lesage-le-fouquet@hotmail.fr,chauffeur,
Corinne,Thibault,BORDEAUX 33000,05.86.34.17.52,corinne.thibault@outlook.fr,chauffeur,13/03/1963
Julie,de Lacroix,,04.84.10.38.58,julie.de-lacroix@yahoo.fr,,15/12/1998
Roland,Guilbert,,04.99.63.09.91,roland.guilbert@outlook.fr,informaticien,
Julie,Le Berthelot,LILLE 59160,03.35.51.03.74,,medecin,
,Pierre,,02.91.49.51.23,daisy-susanne.pierre@hotmail.fr,,
Genevieve,Deschamps,,04.96.03.63.48,genevieve.deschamps@outlook.fr,,03/09/2001
,Potier,,05.55.56.31.93,juliette.potier@outlook.fr,,
Gilles-Andre,Payet,BORDEAUX 33000,05.48.74.97.79,,agriculteur,06/08/1983
Laurent,Allard-Rodriguez,,04.55.99.57.15,laurent.allard-rodriguez@hotmail.fr,medecin,15/03/1959
Arthur,Perret,TOULOUSE 31200,05.82.88.34.50,arthur.perret@yahoo.fr,medecin,
Adele,Boucher,LYON 69003,04.82.49.17.30,adele.boucher@hotmail.fr,,06/10/1956
,Sanchez,PARIS 75003,01.91.75.55.14,christophe.sanchez@hotmail.fr,,
Anne,Meunier du Verdier,,04.31.30.48.54,anne.meunier-du-verdier@hotmail.fr,,11/12/2004
Alain,Lecoq,,04.63.83.55.75,alain.lecoq@yahoo.fr,,
Louis,Voisin,NANTES 44000,02.59.93.53.76,louis.voisin@yahoo.fr,enseignant,20/07/1960
Suzanne,Ferrand,,02.80.20.52.87,suzanne.ferrand@gmail.com,militaire,18/08/1972
,Bertin,MARSEILLE 13009,04.24.80.51.00,laure-anastasie.bertin@outlook.fr,footballeur,
Catherine,Teixeira,TOULON 83100,04.90.34.75.88,catherine.teixeira@gmail.com,,09/02/1959
Marthe-Julie,Moulin,LYON 69006,04.11.66.67.37,marthe-julie.moulin@outlook.fr,chauffeur,
,Lacombe,PARIS 75012,01.28.24.50.48,mathilde.lacombe@outlook.fr,enseignant,15/03/1960
,Texier,NANTES 44300,02.38.02.61.95,celina.texier@outlook.fr,boulanger,29/11/1964
Amelie,Muller-Denis,MARSEILLE 13004,04.24.26.56.83,amelie.muller-denis@outlook.fr,,04/03/1958
Odette,Sauvage de Vasseur,BORDEAUX 33200,05.64.85.30.31,odette.sauvage-de-vasseur@yahoo.fr,boulanger,20/12/2003
Daniel,Dias,LILLE 59260,03.11.03.01.73,,,30/05/1965
Augustin,Georges,MARSEILLE 13002,04.37.64.13.17,augustin.georges@yahoo.fr,footballeur,15/10/1980
Diane,Guichard-Muller,,04.00.85.64.91,diane.guichard-muller@yahoo.fr,,07/07/2002
Nathalie,du Masson,,01.59.36.58.10,nathalie.du-masson@gmail.com,,14/08/1960
Robert,Marie,LYON 69001,04.98.51.76.89,robert.marie@gmail.com,,29/12/2004
Michele,Gautier,NICE 06100,04.42.24.01.92,michele.gautier@yahoo.fr,,
William,Lamy,MARSEILLE 13016,04.04.34.58.04,william.lamy@outlook.fr,,30/03/2004
Diane,Barre,LYON 69008,04.72.08.31.74,diane.barre@outlook.fr,,09/03/2006
Augustin,du Michaud,TOULOUSE 31100,05.07.68.54.61,augustin.du-michaud@outlook.fr,,10/05/1981
Marguerite,du Blondel,TOULOUSE 31500,05.28.57.17.77,marguerite.du-blondel@outlook.fr,,07/11/1984
Genevieve,Weiss,MARSEILLE 13004,04.08.95.25.22,genevieve.weiss@hotmail.fr,footballeur,01/09/1957
Aurore,Laine-Pires,MARSEILLE 13009,04.26.46.95.24,aurore.laine-pires@yahoo.fr,architecte,13/10/1970
Capucine,Delahaye,BORDEAUX 33300,05.30.95.45.86,capucine.delahaye@yahoo.fr,chercheur,
,Lemonnier,,05.98.51.28.05,margaud.lemonnier@server.fr,ouvrier,
Sebastien,Nguyen,MARSEILLE 13006,04.57.83.81.57,sebastien.nguyen@gmail.com,,
Maryse,Andre,LYON 69003,04.26.15.19.25,maryse.andre@yahoo.fr,footballeur,20/03/1993
Juliette,Pruvost,MARSEILLE 13016,04.68.65.63.71,juliette.pruvost@server.fr,,17/10/1977
,Pereira,NICE 06200,04.77.33.61.01,bernard.pereira@gmail.com,ouvrier,18/02/2006
Gerard,du Duval,LYON 69004,04.08.48.97.57,gerard.du-duval@outlook.fr,medecin,17/12/1999
Therese,Weiss,,01.65.89.44.19,therese.weiss@gmail.com,chercheur,22/10/1984
Maggie,Marin,,01.12.70.43.91,maggie.marin@server.fr,,11/01/2005
Christine,Brun,,01.71.02.80.06,christine.brun@gmail.com,chef d'entreprise,16/05/1967
Zacharie,Alves,NICE 06200,04.49.58.25.64,zacharie.alves@yahoo.fr,comptable,04/11/1967
,Guyot,MARSEILLE 13011,04.71.83.90.77,aurore-margot.guyot@hotmail.fr,ouvrier,07/07/1991
Renee,Gomes,TOULON 83000,04.57.89.85.16,renee.gomes@yahoo.fr,,
Sebastien,Le Charles,PARIS 75116,01.91.91.53.07,,,
Josette-Clemence,Garnier,ST ETIENNE 42000,04.57.50.49.72,josette-clemence.garnier@server.fr,,15/05/1989
Anouk-Laure,Guillon,BRON 69500,04.16.53.80.20,,,13/09/1975
Elisabeth,Picard,PARIS 75013,01.25.51.57.73,elisabeth.picard@hotmail.fr,,03/12/1976
,Lenoir,,02.55.50.17.17,marguerite.lenoir@yahoo.fr,,31/03/1964
Tristan,Faure,MONTPELLIER 34070,04.33.48.88.66,tristan.faure@outlook.fr,agriculteur,29/07/1974
Lucy,Salmon,MARSEILLE 13004,04.59.06.86.77,,informaticien,25/03/2006
Corinne-Astrid,Perrin,PARIS 75016,01.89.60.20.76,corinne-astrid.perrin@server.fr,informaticien,01/10/1989
Patricia,Lefebvre-Chretien,LILLE 59160,03.63.44.38.50,patricia.lefebvre-chretien@outlook.fr,footballeur,23/02/1989
,Le Fabre,PARIS 75116,01.25.88.67.12,henri.le-fabre@yahoo.fr,,
Martine-Martine,Bousquet,MONTPELLIER 34080,04.39.21.37.39,martine-martine.bousquet@hotmail.fr,cuisinier,30/11/1988
Claire-Valentine,Pinto,,04.81.23.24.23,claire-valentine.pinto@yahoo.fr,chauffeur,17/08/1972
Pierre,Pinto,STRASBOURG 67100,03.82.17.24.27,pierre.pinto@gmail.com,chercheur,
Vincent,Garcia,,03.91.13.97.26,vincent.garcia@server.fr,footballeur,
,Dubois,,02.29.16.63.53,juliette-manon.dubois@yahoo.fr,,
Elodie,Da Costa,MARSEILLE 13009,04.25.94.26.33,elodie.da-costa@hotmail.fr,,21/03/1976
Roland,Guillot-De Oliveira,,02.79.43.97.08,roland.guillot-de-oliveira@yahoo.fr,,06/05/1996
Nicolas,Gautier,NANTES 44000,02.22.93.99.48,nicolas.gautier@server.fr,medecin,
Michelle-Noemi,Boulanger,MARSEILLE 13004,04.81.71.21.13,michelle-noemi.boulanger@hotmail.fr,acteur,18/04/1963
Philippine,Faivre,,04.37.19.71.06,philippine.faivre@hotmail.fr,,
Sabine,Leveque,MARSEILLE 13003,04.24.35.77.50,sabine.leveque@outlook.fr,banquier,30/10/1966
,Francois de Gautier,,01.36.57.58.26,augustin.francois-de-gautier@gmail.com,,
Luce,Faivre,MARSEILLE 13009,04.98.93.25.06,luce.faivre@yahoo.fr,,26/03/1957
,Bouvier,,04.42.30.75.77,philippine.bouvier@yahoo.fr,avocat,12/07/1968
Alfred,Hoarau,,01.16.39.74.44,alfred.hoarau@hotmail.fr,comptable,28/04/2000
Juliette,Poulain de Poulain,BORDEAUX 33000,05.58.67.21.73,juliette.poulain-de-poulain@yahoo.fr,,24/07/1960
Christiane,Huet,STRASBOURG 67000,03.82.52.73.88,christiane.huet@hotmail.fr,architecte,24/07/1990
,Michaud,MARSEILLE 13013,04.99.62.69.47,bertrand-emile.michaud@hotmail.fr,barman,07/03/1993
,Verdier,,01.23.62.64.38,,architecte,16/10/2005
Robert,Le Paul,SAINT-DENIS 93200,01.37.83.32.68,robert.le-paul@hotmail.fr,banquier,03/10/1980
Colette,Coste,,01.32.34.07.10,colette.coste@yahoo.fr,,18/11/1997
Celina-Valerie,Navarro,TOULOUSE 31300,05.61.61.59.42,celina-valerie.navarro@gmail.com,chercheur,15/09/1970
Henri,Martins,BORDEAUX 33100,05.62.65.42.51,henri.martins@hotmail.fr,,
Marine,Pasquier,,05.95.57.53.38,,,
,Lebreton,LILLE 59260,03.62.29.08.41,olivier.lebreton@outlook.fr,technicien,
Helene,Perret,,04.79.52.40.44,helene.perret@gmail.com,militaire,05/02/1960
Penelope,Fleury,GRENOBLE 38000,04.77.54.21.94,penelope.fleury@gmail.com,cuisinier,31/05/1984
Theophile-Thibault,Alexandre,PARIS 75001,01.08.15.40.49,theophile-thibault.alexandre@yahoo.fr,,
Lucas,Gautier,STRASBOURG 67200,03.38.64.32.25,lucas.gautier@gmail.com,,15/07/1992
Aurore,de la Perez,PARIS 75015,01.57.96.66.38,aurore.de-la-perez@gmail.com,boulanger,02/02/1962
David,Leveque,PARIS 75016,01.86.37.74.77,david.leveque@outlook.fr,technicien,02/07/1971
Thierry,du Diallo,,04.21.96.74.52,thierry.du-diallo@outlook.fr,enseignant,01/09/1970
Lucas,Bodin,PARIS 75012,01.29.31.48.42,lucas.bodin@hotmail.fr,,02/01/1969
Brigitte,Bouvet-Brunet,,02.24.61.40.89,brigitte.bouvet-brunet@gmail.com,footballeur,20/08/1980
Emmanuelle,Legendre,PARIS 75020,01.71.07.97.89,emmanuelle.legendre@outlook.fr,,14/01/1962
Isabelle,Le Blot,BORDEAUX 33200,05.67.89.56.32,isabelle.le-blot@yahoo.fr,,26/03/1991
daisy,Leduc,MARSEILLE 13006,04.10.78.35.25,daisy.leduc@yahoo.fr,,
Frederique,du Vallet,MARSEILLE 13009,04.82.72.80.07,frederique.du-vallet@hotmail.fr,chauffeur,19/11/1974
Emilie,Brun,,04.65.11.22.81,emilie.brun@server.fr,,
Franck-Philippe,Lagarde,,01.90.83.14.76,franck-philippe.lagarde@gmail.com,chef d'entreprise,
Juliette-Diane,Gerard,PARIS 75019,01.63.56.60.75,juliette-diane.gerard@hotmail.fr,,
,Bigot-Francois,MARSEILLE 13014,04.76.08.24.70,gilbert.bigot-francois@hotmail.fr,,15/12/2001
Maryse-Josephine,Guichard,PARIS 75004,01.16.20.92.25,maryse-josephine.guichard@gmail.com,journaliste,
Nicole,Colas,MARSEILLE 13011,04.52.57.33.34,nicole.colas@yahoo.fr,architecte,
Margot,Le Auger,MARSEILLE 13013,04.57.24.03.59,margot.le-auger@outlook.fr,chercheur,18/12/1985
Eugene,Besnard,,01.78.05.84.19,eugene.besnard@yahoo.fr,,10/01/1979
Astrid,Carpentier,,05.65.22.41.93,,chef d'entreprise,03/06/1975
Louis-Edouard,Petit,,04.93.93.71.60,,,16/04/1974
Penelope,Merle-Girard,PARIS 75017,01.23.38.30.97,penelope.merle-girard@hotmail.fr,barman,26/03/1992
Agathe,Hoareau,NICE 06200,04.91.25.67.21,agathe.hoareau@gmail.com,,16/11/2003
Paul,Guyot,ST ETIENNE 42100,04.26.31.43.35,paul.guyot@hotmail.fr,journaliste,04/09/1989
Remy,Alexandre,,05.97.46.44.55,remy.alexandre@gmail.com,boulanger,29/03/1989
Louise,Briand,ST ETIENNE 42000,04.63.75.24.54,louise.briand@yahoo.fr,agriculteur,
,Foucher,PARIS 75013,01.52.03.68.76,,chauffeur,05/01/1989
Zacharie,Valette,RENNES 35200,02.35.78.49.19,zacharie.valette@gmail.com,,18/08/1994
Amelie-Celina,Leveque,,02.80.88.90.31,amelie-celina.leveque@hotmail.fr,,05/10/1984
Marthe,de Chauvet,LYON 69006,04.01.54.10.78,,ouvrier,10/08/1983
,Maurice,,04.46.09.23.30,timothee.maurice@outlook.fr,footballeur,08/07/1984
,Letellier,MARSEILLE 13013,04.45.34.82.47,mathilde.letellier@gmail.com,avocat,16/01/1955
Gregoire,Marty,PARIS 75018,01.78.79.47.16,gregoire.marty@hotmail.fr,cuisinier,
Adelaide,Bertrand,,02.78.55.93.77,adelaide.bertrand@hotmail.fr,,05/06/1958
Caroline,Lebon,,04.29.12.25.14,caroline.lebon@yahoo.fr,militaire,30/03/1963
,Schneider,,04.85.52.60.86,dominique.schneider@server.fr,banquier,01/10/1961
Audrey,Fernandes,,03.91.76.08.01,audrey.fernandes@hotmail.fr,enseignant,
Benoit,Delahaye,,01.63.20.35.40,benoit.delahaye@outlook.fr,chercheur,09/12/1980
Gregoire,de la Texier,MARSEILLE 13007,04.03.36.92.35,gregoire.de-la-texier@server.fr,militaire,02/02/1985
,Texier,GRENOBLE 38000,04.19.17.23.94,charlotte.texier@yahoo.fr,,03/05/1985
Martin,Seguin,MARSEILLE 13008,04.11.20.88.61,martin.seguin@gmail.com,,05/04/1990
,Wagner,,01.68.95.98.60,paulette.wagner@hotmail.fr,,23/06/2005
,Monnier,PARIS 75016,01.72.97.25.21,guillaume.monnier@yahoo.fr,chercheur,22/08/1955
Alix,Robin-Hamon,MARSEILLE 13013,04.64.69.03.27,alix.robin-hamon@hotmail.fr,,
Jules,Caron,MONTPELLIER 34070,04.77.18.00.44,jules.caron@outlook.fr,informaticien,
Margaux,Albert,SAINT-DENIS 93210,01.02.09.57.41,margaux.albert@hotmail.fr,,
,Bonneau-Lecoq,PARIS 75001,01.90.59.63.26,gilbert.bonneau-lecoq@gmail.com,,24/06/1968
Olivie,Merle,PARIS 75015,01.18.76.61.86,olivie.merle@outlook.fr,,11/02/1955
Christiane-Anais,Legros,PARIS 75018,01.77.72.32.38,christiane-anais.legros@server.fr,,24/04/2003
,Roche,MARSEILLE 13003,04.57.44.17.41,benjamin.roche@gmail.com,cuisinier,14/08/1986
Alphonse,Regnier,,04.68.64.63.07,alphonse.regnier@gmail.com,footballeur,25/02/1984
Hortense,Breton-Jacquot,,04.66.77.94.77,hortense.breton-jacquot@hotmail.fr,informaticien,
Daniel,Le Gall,NANTES 44200,02.32.47.18.25,daniel.le-gall@gmail.com,chauffeur,21/11/1962
Victoire,Colas,,04.90.94.36.72,victoire.colas@gmail.com,barman,09/02/1955
Bernard,Martin,PARIS 75001,01.67.35.29.02,bernard.martin@gmail.com,,17/11/1956
Gilbert-Gregoire,Fontaine,,03.35.90.39.09,gilbert-gregoire.fontaine@outlook.fr,,17/04/1956
Renee,Guyot-Rousseau,,05.67.57.10.03,renee.guyot-rousseau@gmail.com,banquier,
Aime,de Poulain,PARIS 75116,01.05.23.22.77,aime.de-poulain@gmail.com,,
,Gay,BORDEAUX 33300,05.51.34.41.70,jacques.gay@hotmail.fr,chercheur,
Jean,Boulanger,PARIS 75007,01.28.76.47.13,jean.boulanger@server.fr,,18/02/1954
Isaac,Le Roux,PARIS 75010,01.29.35.92.31,isaac.le-roux@yahoo.fr,,10/11/1967
,Bertin,SAINT-DENIS 93200,01.74.24.99.89,monique-therese.bertin@yahoo.fr,,21/12/1997
Guy-Gregoire,Mendes,NICE 06200,04.50.57.68.38,,agriculteur,08/01/1987
Josette,Guibert Le Didier,NICE 06000,04.86.95.54.06,josette.guibert-le-didier@hotmail.fr,boulanger,22/11/1988
Susan,Breton,LYON 69004,04.87.28.36.59,susan.breton@gmail.com,medecin,11/01/1991
Francoise-Adele,Picard,ST ETIENNE 42100,04.68.83.44.10,francoise-adele.picard@yahoo.fr,technicien,24/05/1975
Renee,Aubry,,05.50.51.32.08,renee.aubry@outlook.fr,,02/12/1974
Clemence,Goncalves,NANTES 44100,02.68.01.05.57,clemence.goncalves@gmail.com,,13/06/1976
Franck,Carpentier,,04.67.13.25.30,franck.carpentier@yahoo.fr,technicien,
Joseph,Collin,PARIS 75004,01.33.85.89.73,joseph.collin@server.fr,ouvrier,12/12/1960
Andree,Menard-Goncalves,BORDEAUX 33300,05.78.20.11.64,andree.menard-goncalves@gmail.com,,11/10/1983
Anais,Foucher-Carlier,LYON 69004,04.12.60.02.33,anais.foucher-carlier@gmail.com,,22/07/1992
Philippe,Martins,ST ETIENNE 42000,04.80.14.62.94,,,17/08/1954
Tristan,Chretien,PARIS 75010,01.72.55.11.33,tristan.chretien@server.fr,,01/06/2004
Colette,Bouvier,NANTES 44000,02.64.57.21.74,colette.bouvier@yahoo.fr,medecin,19/10/1959
Timothee,Maury,PARIS 75010,01.71.09.38.00,timothee.maury@server.fr,,
,Langlois,SAINT-DENIS 93200,01.65.67.46.83,,banquier,30/12/1957
Tristan,Fleury-Boutin,MARSEILLE 13001,04.35.80.77.95,tristan.fleury-boutin@yahoo.fr,,14/08/1996
Michelle-Sylvie,Lemaire,PARIS 75014,01.88.58.57.90,michelle-sylvie.lemaire@hotmail.fr,ouvrier,
,Simon,,01.26.89.35.49,eric-marcel.simon@gmail.com,chauffeur,04/06/1988
,Laurent,MARSEILLE 13008,04.14.68.49.79,robert.laurent@gmail.com,enseignant,16/07/1998
,Boulanger,TOULOUSE 31000,05.71.22.55.91,,04/03/1995
Lucas,Bonnet,MARSEILLE 13001,04.60.15.97.00,lucas.bonnet@outlook.fr,,05/07/2001
Robert,Barbe,,04.37.65.46.82,robert.barbe@yahoo.fr,chauffeur,01/10/1954
Yves-Thierry,Begue,,04.34.69.30.00,yves-thierry.begue@yahoo.fr,medecin,04/01/1959
Auguste,de Poulain,BORDEAUX 33200,05.61.22.48.07,auguste.de-poulain@hotmail.fr,agriculteur,10/02/1971
Marthe,Le Noel,,04.20.15.85.60,,chauffeur,
Augustin,Lemoine,NICE 06000,04.57.29.62.93,augustin.lemoine@server.fr,technicien,05/05/1957
Jean,Meyer,LYON 69005,04.96.42.07.90,jean.meyer@outlook.fr,,11/09/1969
Michele,Andre,CHAMPAGNE-AU-MONT-D'OR 69410,04.10.18.98.47,michele.andre@server.fr,acteur,
Paulette,de la Lucas,PARIS 75116,01.40.68.62.46,paulette.de-la-lucas@gmail.com,militaire,
Vincent,Lopez,LE HAVRE 76600,02.45.48.05.86,vincent.lopez@outlook.fr,chercheur,04/01/1992
Emile,Auger,,04.63.95.75.35,emile.auger@yahoo.fr,,11/04/1973
Margot-Genevieve,Robert,PARIS 75012,01.59.66.93.59,margot-genevieve.robert@gmail.com,cuisinier,06/12/1989
,Lejeune,MARSEILLE 13012,04.80.47.80.89,valentine.lejeune@gmail.com,,
Elisabeth,Le Monnier,LYON 69009,04.22.25.11.06,elisabeth.le-monnier@gmail.com,chauffeur,02/06/1994
Andree,Olivier,LYON 69009,04.78.09.93.21,andree.olivier@yahoo.fr,banquier,07/01/2000
Pauline,Lucas,,05.82.69.33.28,pauline.lucas@hotmail.fr,agriculteur,15/05/1967
Gregoire-Zacharie,Pereira,,04.62.77.96.26,,,24/06/1960
Madeleine,Renault,PARIS 75019,01.59.32.79.23,madeleine.renault@gmail.com,,26/06/2000
Aurelie,Thierry,,02.03.14.12.63,,barman,12/05/1987
,Faivre,,04.15.34.46.99,claudine.faivre@hotmail.fr,,
Francoise,Robert,SAINT-DENIS 93210,01.79.98.63.59,francoise.robert@yahoo.fr,,
Richard,Bailly,,02.55.95.30.24,richard.bailly@outlook.fr,footballeur,17/09/2000
,Jacquet,RENNES 35000,02.65.60.96.81,,banquier,
Noel,Leger,MARSEILLE 13013,04.40.33.26.38,noel.leger@server.fr,,
Dorothee,Lesage,,01.13.32.37.10,dorothee.lesage@hotmail.fr,,26/06/1961
Andre-Marcel,Gaudin,MARSEILLE 13014,04.91.93.25.46,andre-marcel.gaudin@gmail.com,banquier,
Benjamin,Guilbert,,02.96.63.13.86,benjamin.guilbert@gmail.com,chef d'entreprise,17/04/1977
Thierry,Lambert,BORDEAUX 33200,05.36.30.25.66,thierry.lambert@hotmail.fr,,
Aurore,Masson,LYON 69008,04.13.96.19.15,aurore.masson@hotmail.fr,journaliste,05/06/1997
Philippine,Bourgeois,NANTES 44100,02.06.83.21.70,philippine.bourgeois@gmail.com,chauffeur,18/03/1999
Therese,Clerc,STRASBOURG 67100,03.02.61.96.69,therese.clerc@hotmail.fr,technicien,30/03/1956
Cecile-Noemi,Weiss,MARSEILLE 13013,04.53.13.06.24,cecile-noemi.weiss@gmail.com,,06/12/1988
Brigitte,Perez-Martel,MARSEILLE 13016,04.79.99.05.37,brigitte.perez-martel@gmail.com,barman,09/07/1955
Michelle,Leroy,MARSEILLE 13005,04.11.93.29.22,michelle.leroy@yahoo.fr,ouvrier,15/09/1954
Alexandria,Coulon-Texier,PARIS 75017,01.98.01.27.06,alexandria.coulon-texier@hotmail.fr,,
Anouk,Boutin,LYON 69003,04.47.16.14.49,anouk.boutin@outlook.fr,,23/12/1980
,Mallet,PARIS 75015,01.58.41.20.25,paulette.mallet@gmail.com,militaire,29/09/1992
Timothee,Dijoux,TOULOUSE 31300,05.35.52.93.57,timothee.dijoux@outlook.fr,avocat,
Matthieu,Leveque,MARSEILLE 13013,04.22.35.10.61,matthieu.leveque@outlook.fr,technicien,
Eugene,Merle,PARIS 75016,01.29.99.56.17,eugene.merle@hotmail.fr,architecte,20/01/1989
,Normand,BORDEAUX 33200,05.05.82.91.66,franck.normand@yahoo.fr,banquier,
Colette,Vallet,TOULOUSE 31200,05.16.43.39.41,colette.vallet@yahoo.fr,,09/05/1993
Olivier,Bouvet,,01.67.97.00.67,olivier.bouvet@gmail.com,chercheur,
Eleonore,Perrier,MONTPELLIER 34090,04.37.80.08.45,eleonore.perrier@yahoo.fr,,06/09/1969
Yves,Hoarau,,04.60.48.28.83,yves.hoarau@yahoo.fr,,18/06/1990
Elodie-Michele,Alves,TOULOUSE 31300,05.68.42.65.03,elodie-michele.alves@outlook.fr,informaticien,
Alix,Foucher,,04.80.47.40.44,alix.foucher@gmail.com,cuisinier,21/08/1970
Guillaume,Michaud,GRENOBLE 38000,04.03.40.21.51,guillaume.michaud@server.fr,,19/12/1962
Pierre,Weber,PARIS 75014,01.15.78.37.28,pierre.weber@yahoo.fr,banquier,
Henriette,Clerc,,04.16.41.11.97,henriette.clerc@outlook.fr,,30/09/1983
Amelie,Jourdan,PARIS 75011,01.25.24.56.63,amelie.jourdan@yahoo.fr,,22/08/1985
Caroline,Martinez de Leroux,TOULOUSE 31100,05.32.93.21.73,caroline.martinez-de-leroux@yahoo.fr,,14/12/1964
Caroline,Bailly,LILLE 59260,03.03.71.41.60,caroline.bailly@hotmail.fr,,26/08/1992
Louis,Picard,,04.65.33.09.66,louis.picard@outlook.fr,,08/05/1989
,Bruneau,MARSEILLE 13011,04.44.67.54.70,margot.bruneau@server.fr,informaticien,
Guillaume,du Duval,PARIS 75019,01.88.41.66.25,guillaume.du-duval@yahoo.fr,,
,Navarro,PARIS 75003,01.76.83.07.59,sylvie.navarro@hotmail.fr,militaire,21/03/1966
,Samson,LYON 69007,04.77.31.95.77,honore.samson@yahoo.fr,ouvrier,29/09/1992
Jacqueline,Denis,PARIS 75116,01.96.95.54.89,jacqueline.denis@gmail.com,ouvrier,
Dominique,Toussaint,MARSEILLE 13009,04.85.28.43.42,dominique.toussaint@hotmail.fr,,21/01/1997
Aurore,Salmon,PARIS 75007,01.02.25.79.91,,08/12/1993
Anais,Martineau-Dumas,MARSEILLE 13004,04.25.18.62.69,anais.martineau-dumas@yahoo.fr,ouvrier,25/10/1996
Genevieve,Guyot,MARSEILLE 13013,04.47.24.20.03,genevieve.guyot@gmail.com,,05/05/1976
Thibaut,Gomez,PARIS 75116,01.46.51.00.01,thibaut.gomez@gmail.com,,11/09/2004
Audrey,Diallo-Vasseur,PARIS 75015,01.72.47.16.47,audrey.diallo-vasseur@outlook.fr,,04/01/1965
Oceane,Lemonnier du Jourdan,MARSEILLE 13012,04.65.07.95.29,oceane.lemonnier-du-jourdan@gmail.com,medecin,23/03/1961
Claude,Leconte,,04.53.75.52.18,claude.leconte@yahoo.fr,,18/02/1972
,Leger de la Simon,,01.40.68.43.55,juliette.leger-de-la-simon@gmail.com,,30/10/1988
Edouard,Morin-Lambert,PARIS 75015,01.29.80.55.99,edouard.morin-lambert@gmail.com,chauffeur,07/02/1978
Celine,Lesage,,01.97.20.39.94,celine.lesage@hotmail.fr,,06/10/1980
Nicolas,de Jean,,03.46.65.80.98,nicolas.de-jean@server.fr,architecte,17/10/1991
Pierre,Lesage,LE HAVRE 76600,02.53.71.32.24,pierre.lesage@server.fr,boulanger,08/10/1957
Philippe,Blanchet,TOULON 83000,04.21.99.60.74,philippe.blanchet@gmail.com,,20/02/1967
,Mace-Lemonnier,,05.11.73.43.64,aimee.mace-lemonnier@yahoo.fr,,27/07/1999
Jacques,Perrin,,01.98.60.62.24,,barman,16/04/1989
Virginie,Le Ferreira,MARSEILLE 13016,04.00.25.66.61,virginie.le-ferreira@server.fr,enseignant,23/10/1954
Sebastien-Zacharie,Rolland,ST ETIENNE 42000,04.19.85.40.37,sebastien-zacharie.rolland@outlook.fr,journaliste,13/07/1968
Joseph,de la Chevallier,,04.95.64.72.08,joseph.de-la-chevallier@yahoo.fr,journaliste,
Paulette,Peltier,,01.84.21.42.68,paulette.peltier@hotmail.fr,chauffeur,14/07/2003
Gilbert-Roland,Bernard,NICE 06200,04.85.93.43.60,,boulanger,24/02/1986
Pauline,Fischer,PARIS 75004,01.36.55.70.18,,,18/11/1967
Edith,Blanchard,MARSEILLE 13014,04.42.17.34.30,edith.blanchard@gmail.com,,
Theophile,Lefevre de la Leclercq,GRENOBLE 38000,04.38.41.21.83,theophile.lefevre-de-la-leclercq@server.fr,agriculteur,26/04/1970
Suzanne,Couturier,PARIS 75019,01.04.79.91.27,suzanne.couturier@server.fr,boulanger,
,Arnaud du Dupuy,,01.73.28.25.91,,06/05/2006
Jean-Adrien,Lesage,NICE 06100,04.69.86.38.10,jean-adrien.lesage@gmail.com,,13/09/1959
Paul,Mallet,MARSEILLE 13009,04.53.36.23.19,paul.mallet@outlook.fr,,04/09/2000
,Lefevre-Pasquier,ST ETIENNE 42100,04.85.88.21.26,louis.lefevre-pasquier@outlook.fr,informaticien,
Dorothee,Foucher,,04.58.15.96.35,dorothee.foucher@gmail.com,technicien,
Jacqueline,du Leroy,MARSEILLE 13011,04.93.77.94.55,jacqueline.du-leroy@yahoo.fr,,01/02/1982
Agathe,Barbier,NICE 06200,04.00.15.25.44,agathe.barbier@hotmail.fr,comptable,02/04/2000
Manon,Lopes Le Clement,LYON 69006,04.15.22.22.26,manon.lopes-le-clement@gmail.com,chauffeur,
Joseph,Carpentier,PARIS 75015,01.49.25.24.46,joseph.carpentier@outlook.fr,enseignant,27/12/1971
Charles,Roger,MARSEILLE 13008,04.65.65.12.61,charles.roger@server.fr,footballeur,
Thibaut,Pichon,,01.42.00.50.20,thibaut.pichon@yahoo.fr,,19/02/1983
Marthe,Dupuis,NANTES 44200,02.15.73.47.08,marthe.dupuis@yahoo.fr,,06/03/2000
Rene,Didier,PARIS 75005,01.52.21.93.90,rene.didier@gmail.com,chef d'entreprise,11/09/1968
Gregoire,Roux,MARSEILLE 13010,04.34.60.64.07,gregoire.roux@server.fr,footballeur,25/05/1957
Louise,Dos Santos de Vallee,RENNES 35000,02.37.51.17.23,louise.dos-santos-de-vallee@hotmail.fr,,
,Lesage,,01.30.32.46.18,christine.lesage@hotmail.fr,agriculteur,30/09/1986
Jules,Humbert,RENNES 35700,02.46.82.52.14,jules.humbert@outlook.fr,,01/03/1973
Diane,Dufour,LYON 69004,04.82.97.34.42,diane.dufour@outlook.fr,,12/01/2004
Daniel,du Valentin,MARSEILLE 13016,04.73.29.62.04,,,19/08/1964
Corinne,de la Albert,,04.79.41.89.18,corinne.de-la-albert@yahoo.fr,banquier,23/07/1973
,Guibert,NICE 06000,04.17.04.68.79,alexandrie.guibert@gmail.com,informaticien,23/12/1968
Vincent,Hoarau,,01.44.56.88.61,vincent.hoarau@yahoo.fr,militaire,30/05/2000
Aurore,Pichon,NANTES 44300,02.08.12.84.96,aurore.pichon@gmail.com,comptable,
Sylvie,Lemonnier,PARIS 75003,01.29.90.82.40,,09/09/1975
Henri,Adam,,04.05.34.49.43,henri.adam@outlook.fr,,
Jean,Herve,NANTES 44300,02.37.60.88.35,jean.herve@server.fr,,21/01/1962
,Courtois,,04.24.86.41.66,matthieu.courtois@yahoo.fr,,
Yves,Payet,MARSEILLE 13005,04.88.32.05.01,yves.payet@gmail.com,avocat,09/01/1969
Chantal,Le Perret,MARSEILLE 13005,04.61.05.85.34,chantal.le-perret@outlook.fr,footballeur,26/01/2001
,Fabre de Collin,STRASBOURG 67100,03.05.84.20.31,,chauffeur,13/12/1982
Victoire,Rocher-Laroche,,01.07.36.43.09,victoire.rocher-laroche@yahoo.fr,,06/01/1956
Thibault-Raymond,Marchal,NICE 06100,04.46.54.31.08,thibault-raymond.marchal@yahoo.fr,banquier,
,Bourdon-Mahe,LYON 69005,04.78.36.12.55,,,12/03/1959
Frederic,Petitjean,,05.46.12.36.24,frederic.petitjean@yahoo.fr,footballeur,08/08/2000
Remy,Legrand-Leduc,NICE 06200,04.31.77.64.56,remy.legrand-leduc@server.fr,boulanger,14/12/1966
,Martin,LE HAVRE 76610,02.33.29.34.52,aimee.martin@hotmail.fr,chercheur,
Valerie,Lefebvre,PARIS 75012,01.69.77.09.09,valerie.lefebvre@server.fr,ouvrier,
Astrid,Cousin,PARIS 75004,01.28.39.25.90,astrid.cousin@yahoo.fr,barman,11/05/1968
Jerome,Le Leger,,01.60.47.31.44,jerome.le-leger@gmail.com,,
,Rodrigues,STRASBOURG 67000,03.21.15.00.96,denise.rodrigues@gmail.com,medecin,
Frederic,Pascal-Baron,PARIS 75018,01.14.45.63.58,frederic.pascal-baron@hotmail.fr,informaticien,25/04/1958
Ines,Clerc,LE HAVRE 76600,02.01.30.88.43,ines.clerc@outlook.fr,,30/07/1992
Gregoire,de la Gay,LYON 69002,04.14.20.39.67,gregoire.de-la-gay@gmail.com,ouvrier,
Jean,Cordier,PARIS 75017,01.49.32.16.66,jean.cordier@yahoo.fr,journaliste,
Richard,Herve,,02.78.67.04.88,richard.herve@yahoo.fr,comptable,05/08/1982
Bertrand-Bertrand,Bourgeois,,02.62.57.37.04,bertrand-bertrand.bourgeois@outlook.fr,,21/03/1972
Lucy,Nguyen,,01.21.00.69.45,lucy.nguyen@hotmail.fr,medecin,
Anastasie,Rossi,LYON 69006,04.84.43.34.10,anastasie.rossi@hotmail.fr,,22/04/2001
Michel-Edouard,Coulon,TOULOUSE 31300,05.73.75.68.40,,acteur,30/07/1965
,Lacombe,BORDEAUX 33300,05.12.09.92.69,francois-benoit.lacombe@yahoo.fr,footballeur,11/10/1963
Thierry,Parent,PARIS 75014,01.18.55.29.08,thierry.parent@hotmail.fr,avocat,28/06/1987
Aime,Chartier,,01.43.74.14.13,,technicien,29/04/1979
Margot-Margaud,Gay,BORDEAUX 33000,05.65.72.69.52,margot-margaud.gay@hotmail.fr,enseignant,23/03/1963
Amelie,Blin,,04.62.42.46.17,amelie.blin@outlook.fr,journaliste,
Margot,Perrin,LILLE 59160,03.57.99.31.56,,,
Nath,Bouchet de la Collet,MARSEILLE 13013,04.84.52.30.22,nath.bouchet-de-la-collet@server.fr,militaire,25/04/1997
,Marchand,MARSEILLE 13009,04.66.45.13.69,yves.marchand@gmail.com,ouvrier,11/08/1981
Jacqueline,Dufour,,04.23.54.25.05,jacqueline.dufour@hotmail.fr,,07/11/1975
Victoire,Barre de Voisin,,01.05.52.03.57,victoire.barre-de-voisin@hotmail.fr,chauffeur,15/08/1972
Claudine,Delattre,,04.18.69.32.61,claudine.delattre@gmail.com,,22/12/1986
Brigitte-Stephanie,Charles,,04.22.71.12.42,brigitte-stephanie.charles@yahoo.fr,chauffeur,16/03/2004
,Lecomte,MARSEILLE 13013,04.67.19.06.45,nathalie.lecomte@outlook.fr,chef d'entreprise,18/01/1980
Henri,Da Costa,,05.19.27.27.58,henri.da-costa@gmail.com,architecte,
Celina,du Gimenez,PARIS 75008,01.01.65.89.67,celina.du-gimenez@yahoo.fr,agriculteur,
Daniel,Leconte,MARSEILLE 13002,04.12.55.86.48,daniel.leconte@gmail.com,chercheur,10/05/1991
Susan,du Klein,MARSEILLE 13003,04.16.58.56.49,susan.du-klein@gmail.com,,
Margaux,Le Roux,LILLE 59000,03.88.47.81.52,margaux.le-roux@yahoo.fr,boulanger,12/06/1958
Laurent,Chartier,ST ETIENNE 42100,04.82.49.76.58,laurent.chartier@gmail.com,,02/05/2005
,Francois,RENNES 35200,02.19.25.22.51,etienne.francois@gmail.com,,07/09/1975
Michelle,du Baron,PARIS 75007,01.51.49.51.30,michelle.du-baron@outlook.fr,avocat,
,Mace,,04.27.04.49.07,marcel.mace@gmail.com,chauffeur,
Olivier,du Weber,,01.38.57.93.31,olivier.du-weber@gmail.com,,18/02/1967
Luc,Arnaud,,01.39.92.15.27,luc.arnaud@outlook.fr,,29/12/1975
Rene,Chauvet,RENNES 35200,02.23.59.87.42,rene.chauvet@server.fr,,17/01/1994
Alexandria,Wagner,,03.03.38.95.91,alexandria.wagner@gmail.com,,26/07/2004
Anne,Paris,,01.13.92.87.51,anne.paris@yahoo.fr,,19/09/1959
Daniel,Ribeiro,NANTES 44000,02.47.66.10.13,daniel.ribeiro@gmail.com,,
Celina,Arnaud,BORDEAUX 33200,05.76.31.08.38,,avocat,03/06/1978
,Noel,LYON 69009,04.08.79.00.77,emile.noel@hotmail.fr,,18/06/1956
Eugene,Aubert,MONTPELLIER 34000,04.47.15.57.16,eugene.aubert@hotmail.fr,informaticien,
Diane,Robert de la De Sousa,NICE 06100,04.89.20.54.69,diane.robert-de-la-de-sousa@gmail.com,architecte,15/05/1960
Alexandre-Luc,Daniel,PARIS 75004,01.88.19.10.32,alexandre-luc.daniel@gmail.com,journaliste,08/01/1977
Etienne,Pinto,,02.12.82.35.91,etienne.pinto@hotmail.fr,,
Vincent,Dupuy,,04.44.96.31.66,,cuisinier,23/07/1986
Frederique,Leleu,ST ETIENNE 42100,04.36.74.79.50,frederique.leleu@gmail.com,militaire,
,Georges,NICE 06100,04.71.54.71.24,philippine.georges@gmail.com,agriculteur,31/12/1963
Jacques,Raymond,,04.33.21.20.65,jacques.raymond@yahoo.fr,acteur,
,Lefevre,MONTPELLIER 34090,04.67.32.35.56,marcel.lefevre@server.fr,cuisinier,14/12/1989
Julie,Carre,,04.01.48.02.24,julie.carre@hotmail.fr,footballeur,
Guy,Chauvin,PARIS 75002,01.36.10.42.87,guy.chauvin@server.fr,avocat,06/03/1959
,Gerard de la Barthelemy,PARIS 75004,01.82.81.87.15,aime.gerard-de-la-barthelemy@gmail.com,,
Sylvie,de Dufour,TOULOUSE 31000,05.96.97.16.00,sylvie.de-dufour@hotmail.fr,,
Charles,Pierre de la Peltier,,04.49.11.20.69,charles.pierre-de-la-peltier@gmail.com,chef d'entreprise,
Edouard,Weiss,LE HAVRE 76610,02.99.38.65.65,edouard.weiss@outlook.fr,,26/04/1977
Raymond,Ferreira,MONTPELLIER 34080,04.22.65.49.00,raymond.ferreira@hotmail.fr,journaliste,20/11/1998
Aime,Hebert,,03.63.99.34.12,aime.hebert@outlook.fr,militaire,
Monique,Albert,,02.67.56.11.72,monique.albert@gmail.com,agriculteur,
Zacharie,Letellier,PARIS 75018,01.42.06.82.91,zacharie.letellier@hotmail.fr,,18/09/1974
Elise,Le Gilles,BORDEAUX 33300,05.89.83.16.46,elise.le-gilles@server.fr,medecin,22/03/1970
Remy,du Renault,STRASBOURG 67200,03.03.06.16.21,remy.du-renault@yahoo.fr,banquier,13/09/1962
Joseph,Dumas,LYON 69003,04.67.14.01.67,joseph.dumas@server.fr,comptable,26/03/1978
Marguerite,de Guibert,LILLE 59000,03.53.66.06.77,marguerite.de-guibert@outlook.fr,,11/09/1961
Philippe,Guillou de la Gautier,,01.96.09.45.11,philippe.guillou-de-la-gautier@outlook.fr,avocat,31/12/1967
Antoinette,Lefort,,04.60.04.80.03,antoinette.lefort@gmail.com,chercheur,09/12/1998
Marc,Le Ruiz,MONTPELLIER 34080,04.10.28.08.50,marc.le-ruiz@hotmail.fr,informaticien,01/02/1967
Christelle-Valentine,Rodrigues,,04.23.38.02.15,christelle-valentine.rodrigues@yahoo.fr,,
,Remy,PARIS 75002,01.82.58.24.37,patricia.remy@server.fr,,
Theodore,Ollivier,PARIS 75116,01.83.15.83.88,theodore.ollivier@yahoo.fr,,27/07/1971
,Laine du Delannoy,SAINT-DENIS 93200,01.31.64.22.49,lorraine.laine-du-delannoy@outlook.fr,technicien,18/12/2003
,Delannoy,PARIS 75018,01.38.85.16.24,nicole.delannoy@hotmail.fr,cuisinier,12/09/1987
Vincent,Descamps,,04.42.88.48.10,,,
Suzanne,Tessier,PARIS 75020,01.94.37.54.99,suzanne.tessier@gmail.com,chauffeur,08/01/1983
Martine,Wagner,,03.89.77.22.40,martine.wagner@gmail.com,boulanger,11/05/1967
Agnes,Rousseau,VILLEURBANNE 69100,04.16.15.77.95,agnes.rousseau@server.fr,boulanger,27/06/1989
,Tessier,,04.18.70.23.54,alphonse.tessier@hotmail.fr,ouvrier,13/07/2002
Adrien,Guillaume,PARIS 75003,01.20.33.87.88,adrien.guillaume@gmail.com,boulanger,15/10/1993
Aurore,Maillet,SAINT-DENIS 93200,01.38.15.53.50,aurore.maillet@hotmail.fr,,01/10/1979
Jeannine,Bouvier,RENNES 35200,02.57.70.21.05,jeannine.bouvier@gmail.com,agriculteur,09/12/1974
,Barre-Ribeiro,TOULOUSE 31200,05.76.09.21.76,frederic.barre-ribeiro@yahoo.fr,ouvrier,
Eric,Guichard,GRENOBLE 38000,04.03.96.96.16,eric.guichard@gmail.com,journaliste,03/06/1975
Alfred,de Raynaud,PARIS 75018,01.44.89.90.14,alfred.de-raynaud@gmail.com,,08/05/1973
Emmanuelle,Andre,MARSEILLE 13011,04.51.77.86.41,emmanuelle.andre@gmail.com,,14/10/1959
Charles,Ferreira-Giraud,LILLE 59000,03.01.15.45.22,charles.ferreira-giraud@server.fr,ouvrier,04/05/1990
Francois,Morel,,04.45.50.06.66,francois.morel@hotmail.fr,boulanger,26/05/1958
Josette,Gaudin,,04.58.29.47.91,josette.gaudin@outlook.fr,,17/07/1956
Louise,Mahe,PARIS 75116,01.91.26.96.65,louise.mahe@gmail.com,avocat,29/01/1959
Jean-Thomas,Roger,PARIS 75020,01.09.91.23.94,jean-thomas.roger@gmail.com,enseignant,24/01/1965
Suzanne,Monnier,,04.10.21.85.27,suzanne.monnier@gmail.com,avocat,
Patricia,Berger,VILLEURBANNE 69100,04.74.09.29.36,,05/10/1997
Sylvie,Evrard de la Blanchet,MARSEILLE 13008,04.88.09.15.13,sylvie.evrard-de-la-blanchet@outlook.fr,,
Margaux,Remy,MARSEILLE 13003,04.10.80.42.93,margaux.remy@outlook.fr,technicien,22/01/1959
,Rolland,,05.89.11.07.92,,banquier,03/01/1985
Catherine,Joly,PARIS 75003,01.70.99.17.39,catherine.joly@hotmail.fr,,
Laurent,Poirier,PARIS 75017,01.31.02.75.87,laurent.poirier@yahoo.fr,agriculteur,
Corinne,Fleury,MARSEILLE 13001,04.80.55.62.30,corinne.fleury@outlook.fr,agriculteur,
Aimee,Marchal,LYON 69001,04.49.62.16.61,aimee.marchal@outlook.fr,cuisinier,
,Aubry,,03.15.78.00.55,luce.aubry@gmail.com,cuisinier,18/01/2003
,Mahe,PARIS 75001,01.27.65.59.36,martin.mahe@hotmail.fr,chef d'entreprise,10/11/1989
,Lemoine,TOULOUSE 31500,05.64.57.43.80,corinne.lemoine@outlook.fr,,26/01/1986
Pierre,Roche,MARSEILLE 13001,04.97.44.78.34,pierre.roche@gmail.com,enseignant,
Noemi,Techer-Potier,,05.58.18.78.52,noemi.techer-potier@gmail.com,technicien,13/08/1958
,Baron,LYON 69003,04.41.96.84.24,paul.baron@gmail.com,,22/11/1960
Diane,Alves,MARSEILLE 13013,04.09.70.09.07,diane.alves@outlook.fr,journaliste,02/12/1982
Christiane,Martin du Barbier,PARIS 75005,01.23.86.71.58,christiane.martin-du-barbier@yahoo.fr,avocat,18/01/2000
Richard,Le Roux,TOULOUSE 31400,05.12.11.31.32,richard.le-roux@gmail.com,chef d'entreprise,29/12/1995
Luc,Vaillant,TOULOUSE 31400,05.36.14.92.90,luc.vaillant@hotmail.fr,,03/03/1994
Theophile,Etienne,LILLE 59160,03.39.48.70.39,theophile.etienne@outlook.fr,banquier,01/08/1982
Emile,Giraud,,01.80.66.94.54,emile.giraud@yahoo.fr,,
Lucas,Riou du Roger,,01.63.82.38.27,lucas.riou-du-roger@hotmail.fr,chauffeur,03/11/1997
David-Guy,De Oliveira,ST ETIENNE 42100,04.53.46.70.11,,militaire,
Stephanie,Francois,LILLE 59260,03.04.29.28.46,stephanie.francois@outlook.fr,,
Zoe,Marion-Masson,MARSEILLE 13008,04.97.86.34.45,zoe.marion-masson@outlook.fr,cuisinier,20/07/1988
Nicole,Dupuy de Wagner,MARSEILLE 13009,04.35.16.13.59,nicole.dupuy-de-wagner@gmail.com,,
Elodie,Gay,LYON 69003,04.25.53.37.12,elodie.gay@hotmail.fr,,12/02/1962
Patrick,Marchal,,01.68.19.92.18,patrick.marchal@yahoo.fr,enseignant,23/05/1976
Lucas,Barthelemy,,01.26.17.35.28,,avocat,09/05/2006
Matthieu,Leblanc,TOULOUSE 31500,05.16.92.04.42,matthieu.leblanc@outlook.fr,,26/11/1978
Sylvie,Le Regnier,MARSEILLE 13011,04.35.89.94.05,sylvie.le-regnier@yahoo.fr,cuisinier,03/02/1999
Sabine,Lopez,MARSEILLE 13001,04.42.42.32.29,sabine.lopez@yahoo.fr,cuisinier,23/02/1974
Frederique,Vincent,BORDEAUX 33200,05.00.63.71.11,frederique.vincent@gmail.com,journaliste,29/10/1969
,Levy,NICE 06200,04.90.06.77.81,marthe.levy@outlook.fr,,21/03/1957
Laetitia,Hubert du Hoareau,,01.57.44.99.11,laetitia.hubert-du-hoareau@yahoo.fr,,22/11/1972
Agnes,Leblanc,NICE 06200,04.20.55.93.05,agnes.leblanc@gmail.com,comptable,07/12/1972
Agnes,Leconte,TOULOUSE 31200,05.31.62.21.78,agnes.leconte@yahoo.fr,,
Andree,Regnier de Descamps,,01.15.21.67.37,andree.regnier-de-descamps@outlook.fr,acteur,13/10/1962
,Le Leroy,PARIS 75015,01.80.17.04.07,luc.le-leroy@hotmail.fr,chercheur,
Arnaude-Marguerite,Cousin,NICE 06200,04.79.90.99.92,arnaude-marguerite.cousin@hotmail.fr,militaire,07/07/1954
Michele,Lefebvre Le Gomes,STRASBOURG 67000,03.54.04.19.42,michele.lefebvre-le-gomes@gmail.com,,19/02/1969
Sylvie,Pruvost,MARSEILLE 13013,04.79.28.49.61,sylvie.pruvost@hotmail.fr,informaticien,12/09/1982
Marie,Durand,,01.36.90.60.26,marie.durand@hotmail.fr,journaliste,20/09/1960
Remy,Hoareau,MARSEILLE 13011,04.43.25.70.05,remy.hoareau@hotmail.fr,informaticien,09/03/1956
,Morin,,01.89.31.78.81,adrien-benoit.morin@outlook.fr,,26/05/1962
Penelope,Leclercq,ST ETIENNE 42100,04.46.12.85.38,penelope.leclercq@outlook.fr,cuisinier,
,Pascal,MARSEILLE 13016,04.02.64.53.88,denis-raymond.pascal@hotmail.fr,,
Michelle,Olivier,MARSEILLE 13009,04.31.72.14.61,michelle.olivier@gmail.com,,11/10/1966
Virginie,Fernandes-Antoine,PARIS 75116,01.86.15.28.51,virginie.fernandes-antoine@gmail.com,banquier,09/11/2004
,Muller,PARIS 75014,01.79.63.19.19,,01/05/1991
,Gomez,,01.73.30.33.63,valerie.gomez@server.fr,acteur,21/03/1963
Stephane,Tanguy Le Durand,PARIS 75013,01.83.86.06.37,stephane.tanguy-le-durand@outlook.fr,journaliste,
,Le Goff,,04.83.63.91.50,amelie.le-goff@hotmail.fr,,19/08/1955
Maurice,Pires,NICE 06000,04.67.60.01.68,maurice.pires@server.fr,,
Joseph,Fournier,TOULOUSE 31100,05.94.39.78.80,joseph.fournier@outlook.fr,banquier,
Roger,Dumont,MARSEILLE 13013,04.96.05.58.64,roger.dumont@outlook.fr,,
Marie,Joseph de la Royer,PARIS 75015,01.69.39.46.70,marie.joseph-de-la-royer@gmail.com,chercheur,06/05/1987
Arthur,Lemoine-Gautier,MARSEILLE 13010,04.40.28.01.46,arthur.lemoine-gautier@yahoo.fr,militaire,09/07/1956
Jacques,Imbert,,04.05.23.49.20,jacques.imbert@outlook.fr,,15/11/1972
Marcel-Benjamin,Renaud,STRASBOURG 67200,03.86.35.62.59,marcel-benjamin.renaud@hotmail.fr,avocat,27/11/1966
,Guibert,,01.24.29.59.02,,,19/03/1990
Jeannine,Delaunay,,01.23.61.81.09,jeannine.delaunay@gmail.com,barman,
,Martin,MARSEILLE 13003,04.60.57.80.17,luc-zacharie.martin@hotmail.fr,,21/09/1979
Philippine,Michel-Maillot,,04.80.71.06.67,philippine.michel-maillot@gmail.com,,
Gabriel-Antoine,Besnard,ST ETIENNE 42100,04.20.56.51.62,gabriel-antoine.besnard@yahoo.fr,,15/11/1973
,Blot,PARIS 75013,01.79.80.87.86,rene.blot@gmail.com,avocat,17/07/1998
,Germain,GRENOBLE 38100,04.04.97.22.85,zoe.germain@yahoo.fr,acteur,12/12/1996
Marine,Olivier,SAINT-PRIEST 69800,04.46.79.67.59,marine.olivier@gmail.com,,10/09/2005
Laure,Barre,,03.32.83.15.35,laure.barre@yahoo.fr,,17/10/1990
Isaac,Regnier Le Legrand,MARSEILLE 13006,04.02.94.15.45,,chauffeur,21/06/1986
Jeannine,Schmitt,,04.35.43.05.82,jeannine.schmitt@yahoo.fr,,23/05/2005
Margaux,Lacombe-Ferreira,LILLE 59000,03.45.83.56.05,margaux.lacombe-ferreira@gmail.com,enseignant,
Edouard,Chevalier,LE HAVRE 76610,02.13.97.77.00,edouard.chevalier@outlook.fr,,
,Dias-Albert,,01.04.29.49.64,marianne.dias-albert@gmail.com,,25/12/1989
,Georges,,01.46.51.21.55,lucas.georges@yahoo.fr,barman,
Martine,Francois,,04.71.47.90.77,martine.francois@yahoo.fr,boulanger,05/07/1973
David,Roger,MARSEILLE 13009,04.56.94.49.61,david.roger@gmail.com,ouvrier,31/08/1993
Marie,Legros,GRENOBLE 38100,04.83.69.18.18,marie.legros@yahoo.fr,ouvrier,
,Fleury du Ruiz,TOULOUSE 31300,05.02.36.13.16,franck.fleury-du-ruiz@hotmail.fr,,
Aurelie,Gautier,MONTPELLIER 34000,04.65.35.72.34,aurelie.gautier@gmail.com,ouvrier,01/12/1956
Guy,Mace,RENNES 35000,02.75.45.40.99,guy.mace@hotmail.fr,,16/10/1974
Noel,Klein-Letellier,,05.89.60.78.23,noel.klein-letellier@server.fr,,
Emmanuel,Le Lopez,VILLEURBANNE 69100,04.74.01.63.60,emmanuel.le-lopez@hotmail.fr,agriculteur,01/02/1992
Leon,de Mace,PARIS 75003,01.49.89.67.88,leon.de-mace@outlook.fr,chauffeur,03/11/1979
Celine,Boulay,PARIS 75001,01.17.92.52.56,celine.boulay@server.fr,medecin,
,de Lenoir,MARSEILLE 13008,04.83.44.56.95,charles.de-lenoir@gmail.com,technicien,11/08/1983
,Maillet,RENNES 35200,02.80.17.89.75,georges.maillet@yahoo.fr,avocat,
Virginie,Durand,MARSEILLE 13016,04.61.10.23.61,virginie.durand@hotmail.fr,informaticien,
Alfred,Gros,,01.26.00.66.74,,,
Jules,Goncalves,MARSEILLE 13013,04.79.17.03.54,jules.goncalves@gmail.com,boulanger,18/10/1976
Gabrielle,Lecomte,STRASBOURG 67200,03.89.32.08.94,gabrielle.lecomte@server.fr,barman,05/06/1982
Susan,Bouchet,,01.88.80.53.71,susan.bouchet@outlook.fr,ouvrier,28/04/1970
,du Martin,PARIS 75018,01.49.28.15.75,isabelle.du-martin@hotmail.fr,medecin,19/12/1962
Dorothee,Martin-Gallet,LE HAVRE 76600,02.19.01.65.65,dorothee.martin-gallet@gmail.com,,
,David,,04.73.42.90.82,auguste.david@hotmail.fr,cuisinier,20/11/1993
Luce,Muller,,04.62.40.17.81,luce.muller@gmail.com,acteur,16/07/1955
David,du Muller,TOULOUSE 31200,05.89.41.22.15,david.du-muller@outlook.fr,avocat,10/05/1990
Michelle,Dupre,NICE 06200,04.28.01.08.17,michelle.dupre@yahoo.fr,,
Stephanie,David,,04.23.22.80.36,stephanie.david@server.fr,medecin,21/02/1961
Vincent,Regnier,NICE 06200,04.01.57.05.42,vincent.regnier@gmail.com,,14/09/2006
Noel,Martin,GRENOBLE 38000,04.15.20.51.65,noel.martin@gmail.com,,
Victor,Weiss,MARSEILLE 13013,04.30.46.92.08,,chauffeur,26/02/1979
Veronique,de Lebreton,MARSEILLE 13002,04.79.04.78.12,veronique.de-lebreton@outlook.fr,architecte,12/11/1994
Celine,Weiss,MARSEILLE 13012,04.65.04.57.02,celine.weiss@server.fr,,19/03/1971
Remy,Guillon-Collin,MARSEILLE 13013,04.88.42.28.62,remy.guillon-collin@yahoo.fr,,
Julien,Renault,PARIS 75002,01.40.42.98.13,julien.renault@gmail.com,militaire,16/03/2005
Andree,Dupre,,04.71.91.43.10,andree.dupre@server.fr,chef d'entreprise,09/09/1974
Alphonse-Noel,Collet,MONTPELLIER 34070,04.67.96.38.40,,,31/08/1989
,Giraud Le Bonnin,PARIS 75016,01.11.19.71.52,,boulanger,08/01/1988
Roger,de la Launay,TOULOUSE 31200,05.31.96.23.32,,technicien,17/06/1996
Agnes,Rousseau,PARIS 75009,01.51.35.60.46,agnes.rousseau@outlook.fr,,
Leon,de Foucher,MARSEILLE 13004,04.13.56.80.47,leon.de-foucher@yahoo.fr,journaliste,21/07/1996
Jacqueline,Le Dupont,STRASBOURG 67100,03.55.34.76.94,jacqueline.le-dupont@gmail.com,cuisinier,16/10/1975
Edouard,de la Bouchet,,03.12.61.32.27,edouard.de-la-bouchet@yahoo.fr,agriculteur,04/01/1966
Honore,Pineau,ST ETIENNE 42000,04.05.45.53.33,,,19/09/1978
Elodie,Labbe,MARSEILLE 13006,04.20.64.32.93,elodie.labbe@gmail.com,,
Arnaude-Catherine,Leclerc,NICE 06200,04.73.61.31.02,arnaude-catherine.leclerc@outlook.fr,informaticien,17/12/1954
Hugues,Rolland,NANTES 44200,02.23.25.87.51,hugues.rolland@server.fr,acteur,25/08/1957
Cecile,de Lecomte,MARSEILLE 13009,04.41.54.76.85,cecile.de-lecomte@gmail.com,,17/04/1960
Alexandrie-Constance,Gillet,MARSEILLE 13008,04.50.15.63.01,alexandrie-constance.gillet@outlook.fr,militaire,16/05/1970
David-Denis,Delorme,LYON 69002,04.20.19.46.40,david-denis.delorme@outlook.fr,journaliste,28/01/1983
Emilie,Breton,MARSEILLE 13007,04.90.22.69.74,emilie.breton@gmail.com,,
Jacqueline,Duhamel,,02.40.18.95.02,jacqueline.duhamel@server.fr,,
Remy,Pelletier,,04.30.70.25.13,remy.pelletier@yahoo.fr,chercheur,09/02/1996
Henriette,Hubert,NICE 06200,04.35.62.02.81,henriette.hubert@yahoo.fr,cuisinier,
Benoit,Pichon,,01.24.25.05.07,benoit.pichon@yahoo.fr,,
Simone,Traore de Allain,GRENOBLE 38000,04.13.70.65.80,simone.traore-de-allain@outlook.fr,,
Gerard,Coulon-Leroux,TOULOUSE 31200,05.63.31.59.79,gerard.coulon-leroux@outlook.fr,footballeur,30/07/1990
Emile-Bernard,Guillon,PARIS 75116,01.04.97.68.77,emile-bernard.guillon@gmail.com,banquier,12/02/1958
Nathalie,Buisson,PARIS 75010,01.50.62.28.78,nathalie.buisson@gmail.com,militaire,23/12/1966
Sabine,Gaudin,,04.10.70.73.44,sabine.gaudin@outlook.fr,chef d'entreprise,11/04/1970
Emmanuelle,Fernandez,,04.89.23.26.17,emmanuelle.fernandez@outlook.fr,medecin,01/01/1955
Vincent,Bazin,,04.72.98.46.11,,06/06/1954
Edouard,Rocher,LILLE 59260,03.50.90.68.83,edouard.rocher@yahoo.fr,agriculteur,
Adrien,Goncalves de la Boulanger,LILLE 59160,03.49.41.32.88,adrien.goncalves-de-la-boulanger@server.fr,,26/08/1988
Henriette,Bernard,MONTPELLIER 34090,04.33.88.61.20,,informaticien,06/03/1977
Agnes,Le Charpentier,LYON 69001,04.91.86.62.34,agnes.le-charpentier@gmail.com,barman,15/06/1992
Jules,Dupre-Giraud,,01.93.25.54.48,jules.dupre-giraud@yahoo.fr,enseignant,11/12/1978
Christophe,Monnier,,04.70.05.80.58,christophe.monnier@hotmail.fr,journaliste,04/03/1959
,Devaux,LE HAVRE 76610,02.82.14.60.07,,,19/03/2002
Adele,Morel,PARIS 75005,01.61.90.23.50,adele.morel@yahoo.fr,,13/02/1955
,Rodrigues,MARSEILLE 13008,04.15.96.71.00,jacqueline-elise.rodrigues@gmail.com,medecin,
Margaret,Legrand-Lelievre,STRASBOURG 67100,03.45.87.74.29,margaret.legrand-lelievre@server.fr,,
,Perrin,MARSEILLE 13002,04.74.61.32.80,elisabeth-agnes.perrin@outlook.fr,militaire,
Thibault,Millet de Munoz,,01.23.99.36.79,thibault.millet-de-munoz@gmail.com,footballeur,07/07/2004
Pierre,Costa,,04.43.34.20.20,pierre.costa@hotmail.fr,medecin,10/06/1992
Gabrielle,Loiseau,PARIS 75014,01.08.28.97.65,gabrielle.loiseau@outlook.fr,journaliste,
Margaux,Navarro,,04.65.76.33.83,margaux.navarro@gmail.com,chef d'entreprise,20/01/1994
Francois,Laporte,,01.13.91.31.46,francois.laporte@yahoo.fr,,11/10/1997
Leon,Techer,,04.93.61.10.84,leon.techer@yahoo.fr,,
Sebastien,Mercier,TOULOUSE 31300,05.53.24.20.77,,chercheur,10/11/1989
Andre,du De Sousa,VILLEURBANNE 69100,04.93.41.24.75,andre.du-de-sousa@yahoo.fr,avocat,24/02/1981
Laurence,Salmon,MARSEILLE 13010,04.90.67.12.78,laurence.salmon@hotmail.fr,barman,
Valentine,Aubry,,01.41.46.23.38,valentine.aubry@outlook.fr,,31/10/1990
Anastasie,Noel,RENNES 35700,02.19.03.98.55,anastasie.noel@outlook.fr,cuisinier,04/08/1967
Thibault,Riviere,MARSEILLE 13007,04.77.49.98.52,thibault.riviere@outlook.fr,informaticien,25/01/1963
,Pinto,,04.41.95.12.10,paul.pinto@yahoo.fr,,28/06/1982
Gabrielle,du Meyer,MARSEILLE 13013,04.88.38.15.82,gabrielle.du-meyer@server.fr,architecte,
,Le Benard,,01.29.69.52.09,celine.le-benard@gmail.com,,27/04/1987
Marguerite,Bertin,STRASBOURG 67100,03.14.81.23.08,marguerite.bertin@gmail.com,enseignant,19/11/1981
Edouard,Vallee,,01.82.50.63.14,edouard.vallee@outlook.fr,cuisinier,
Christiane,Jourdan,,01.49.37.21.59,,,
Etienne,Hubert,,04.10.46.88.53,etienne.hubert@gmail.com,boulanger,29/06/1957
Adelaide,Launay,PARIS 75012,01.04.72.47.67,adelaide.launay@gmail.com,,
,Bertrand,,04.46.58.33.70,celina.bertrand@outlook.fr,,03/03/1979
Arnaude,Guyon,SAINT-DENIS 93210,01.71.75.88.57,arnaude.guyon@hotmail.fr,,
Manon,Bertrand,,04.12.94.93.13,manon.bertrand@server.fr,ouvrier,29/06/1996
,de Auger,,04.87.99.53.60,bernard.de-auger@outlook.fr,,16/10/1964
Timothee,Henry,MARSEILLE 13008,04.12.75.72.10,,,27/10/1973
Olivie,Pelletier,PARIS 75014,01.40.97.41.75,olivie.pelletier@gmail.com,boulanger,27/08/1960
Margaux,Klein,PARIS 75003,01.38.66.70.84,margaux.klein@gmail.com,comptable,22/10/1994
,Dupont,BORDEAUX 33300,05.65.19.94.59,,,
Eric,Hamon de Chauvin,ST ETIENNE 42000,04.44.36.02.94,eric.hamon-de-chauvin@hotmail.fr,,22/01/1989
Eugene,Mahe-Salmon,PARIS 75015,01.49.05.48.53,eugene.mahe-salmon@gmail.com,,11/05/1960
Thomas,Guyon,,04.54.25.97.14,thomas.guyon@hotmail.fr,footballeur,06/06/1967
Claire,Millet,,02.69.81.75.36,claire.millet@hotmail.fr,,10/07/1986
Leon,Pasquier,MARSEILLE 13009,04.85.83.23.95,leon.pasquier@yahoo.fr,,
Laurent,Chevallier,LYON 69006,04.37.97.17.53,laurent.chevallier@outlook.fr,barman,
Louis,De Sousa-Rodrigues,TOULOUSE 31300,05.92.20.99.18,louis.de-sousa-rodrigues@yahoo.fr,medecin,
Augustin,Ferrand,PARIS 75001,01.84.37.98.24,augustin.ferrand@yahoo.fr,,
Jerome,Camus,LE HAVRE 76610,02.40.99.49.50,jerome.camus@hotmail.fr,,12/06/2002
Roger,Duhamel,,04.56.11.29.85,roger.duhamel@yahoo.fr,technicien,11/10/1989
Alexandre,Roussel de la Rodrigues,NICE 06200,04.27.43.25.10,alexandre.roussel-de-la-rodrigues@server.fr,,
Christine,de la Pottier,MARSEILLE 13002,04.48.10.10.27,christine.de-la-pottier@yahoo.fr,cuisinier,13/06/1957
Lucy,de Gomes,LYON 69009,04.44.08.17.80,lucy.de-gomes@server.fr,technicien,
Susanne,Le Roux,PARIS 75015,01.69.69.76.77,susanne.le-roux@hotmail.fr,,24/05/1985
Michel,Dupre,MARSEILLE 13001,04.79.63.10.80,michel.dupre@outlook.fr,banquier,
Marguerite,de Thibault,PARIS 75004,01.57.08.95.99,marguerite.de-thibault@yahoo.fr,journaliste,14/06/1971
Nicolas,Dupont,,04.49.93.89.86,,acteur,
,Laurent,MARSEILLE 13013,04.55.91.18.39,zoe.laurent@gmail.com,,20/01/1958
,Noel du Berger,MARSEILLE 13016,04.37.12.17.09,noemi.noel-du-berger@outlook.fr,journaliste,18/07/1983
Andre,Leblanc-Blanc,MARSEILLE 13016,04.86.55.96.67,andre.leblanc-blanc@outlook.fr,,16/08/1977
Audrey,Hernandez de Menard,MARSEILLE 13016,04.68.52.24.07,,banquier,27/09/1955
,Bernard,MARSEILLE 13010,04.36.17.68.84,maurice.bernard@server.fr,,
Stephane,Bernier,RENNES 35000,02.54.73.67.30,stephane.bernier@yahoo.fr,,28/03/1988
Raymond,Pelletier,,05.81.30.95.97,,technicien,07/03/1990
,Bonneau,,01.31.83.77.56,diane.bonneau@hotmail.fr,journaliste,18/02/1999
Aimee-Luce,Benard,PARIS 75015,01.78.08.87.04,aimee-luce.benard@gmail.com,technicien,30/10/1989
Olivier,Gautier de Rodrigues,,04.35.17.09.01,olivier.gautier-de-rodrigues@gmail.com,journaliste,28/08/1993
David,Muller,LE HAVRE 76620,02.91.44.89.69,david.muller@outlook.fr,enseignant,10/08/2001
Franck,Lefort,,01.34.98.91.76,franck.lefort@gmail.com,,07/02/1996
Raymond,Chevallier-Baudry,,04.89.15.99.38,raymond.chevallier-baudry@yahoo.fr,,08/06/2004
Marcelle,Clement,MARSEILLE 13009,04.32.71.58.75,marcelle.clement@gmail.com,architecte,29/11/1981
Martine,Dumont,,05.91.08.14.14,martine.dumont@hotmail.fr,militaire,
Suzanne,de la Lemaire,PARIS 75017,01.50.97.76.76,suzanne.de-la-lemaire@hotmail.fr,chauffeur,
Marguerite,Martel,,04.40.78.15.87,marguerite.martel@outlook.fr,chercheur,16/07/1967
David-Roland,Lambert,,01.85.86.85.30,david-roland.lambert@outlook.fr,technicien,29/11/1993
,Marin,BORDEAUX 33100,05.93.50.40.27,denis.marin@yahoo.fr,acteur,17/11/1972
Patrick,Devaux,MONTPELLIER 34070,04.17.27.83.30,patrick.devaux@gmail.com,chef d'entreprise,
Eric,Evrard,PARIS 75018,01.72.47.75.17,eric.evrard@server.fr,enseignant,
Noel,Gonzalez du Besnard,NANTES 44200,02.32.40.05.06,noel.gonzalez-du-besnard@yahoo.fr,informaticien,23/11/1964
Olivier,Schmitt,,01.62.96.24.32,olivier.schmitt@hotmail.fr,chef d'entreprise,12/05/1960
,Fontaine Le Dumont,TOULOUSE 31000,05.78.98.33.79,anouk.fontaine-le-dumont@gmail.com,,
Gilles,Robert,,04.72.33.07.91,gilles.robert@gmail.com,informaticien,
,Normand-Humbert,PARIS 75004,01.97.20.84.08,marcelle.normand-humbert@gmail.com,,11/04/1988
,Leroy de Hebert,NANTES 44100,02.19.41.28.32,eleonore.leroy-de-hebert@yahoo.fr,,14/02/1958
Amelie,Bourdon,MARSEILLE 13013,04.09.32.32.20,amelie.bourdon@gmail.com,chercheur,
,de la Normand,,01.42.64.97.07,claude.de-la-normand@yahoo.fr,,10/01/2002
Isabelle,Pottier-Martel,PARIS 75015,01.26.01.23.94,,barman,26/08/1991
Marie,de Gauthier,LYON 69002,04.90.51.76.82,marie.de-gauthier@yahoo.fr,,
,Pascal Le Regnier,LYON 69008,04.28.41.42.42,brigitte.pascal-le-regnier@yahoo.fr,,22/04/1991
Denis,Le Goff,LYON 69006,04.48.34.49.10,denis.le-goff@yahoo.fr,chef d'entreprise,14/02/1975
Andre,Charles,TOULOUSE 31300,05.26.30.46.39,andre.charles@yahoo.fr,,03/06/2000
Corinne,Ramos de la Jacquet,STRASBOURG 67100,03.82.95.48.25,corinne.ramos-de-la-jacquet@gmail.com,,13/05/1970
Francois,Martel de la Faure,LILLE 59260,03.41.94.76.56,francois.martel-de-la-faure@yahoo.fr,,07/12/1997
Theophile,Chauvin,PARIS 75016,01.43.26.50.58,,,
Alexandria,de la Baron,,04.58.17.59.52,alexandria.de-la-baron@server.fr,journaliste,03/12/1965
Thibaut,Turpin,PARIS 75018,01.34.28.59.20,thibaut.turpin@server.fr,,07/12/1984
Virginie,Munoz,NICE 06200,04.32.19.04.89,virginie.munoz@hotmail.fr,enseignant,06/12/2001
Amelie,Masson-Thierry,NICE 06000,04.28.85.44.54,amelie.masson-thierry@server.fr,avocat,
Elise,Collet,PARIS 75003,01.12.79.10.69,elise.collet@server.fr,footballeur,30/12/1985
Aimee,Teixeira,MONTPELLIER 34090,04.49.34.01.96,aimee.teixeira@yahoo.fr,technicien,14/03/1984
Nicole,Baudry de Bruneau,BORDEAUX 33200,05.88.30.64.62,nicole.baudry-de-bruneau@hotmail.fr,,30/08/1986
Victor,Guillon,,02.74.89.27.07,victor.guillon@yahoo.fr,medecin,11/11/1969
,Legros,MARSEILLE 13004,04.46.13.24.08,emmanuel.legros@gmail.com,,05/03/1995
Laurence,Fleury-Hebert,RENNES 35700,02.42.72.98.17,laurence.fleury-hebert@yahoo.fr,avocat,31/07/1981
,Jacques-Buisson,LYON 69004,04.49.31.70.28,elisabeth.jacques-buisson@gmail.com,,
Laurence,Fleury,NICE 06200,04.81.86.45.85,laurence.fleury@gmail.com,,02/08/1957
Gabrielle,Cordier,STRASBOURG 67200,03.94.25.35.08,gabrielle.cordier@gmail.com,medecin,
Renee,Gallet,RENNES 35200,02.89.85.93.39,renee.gallet@server.fr,banquier,16/06/1999
,Sanchez,,04.79.49.75.30,thierry.sanchez@outlook.fr,technicien,20/02/1975
,Masson,MARSEILLE 13013,04.67.00.93.72,denis.masson@yahoo.fr,,07/07/1973
Penelope,Regnier,MARSEILLE 13005,04.34.17.05.69,penelope.regnier@hotmail.fr,,23/04/1978
Maryse,Bouvier,NICE 06200,04.29.46.04.11,maryse.bouvier@hotmail.fr,architecte,23/12/1955
Clemence,Gautier,LYON 69009,04.87.86.85.28,clemence.gautier@server.fr,,03/06/1972
Sylvie,Parent,MARSEILLE 13007,04.84.84.79.17,sylvie.parent@yahoo.fr,,
Valentine,Bigot,PARIS 75006,01.05.30.29.59,,informaticien,27/08/1981
Adele,Joseph,MARSEILLE 13008,04.61.69.44.28,adele.joseph@gmail.com,,
Michel,Raymond,MARSEILLE 13013,04.94.02.22.95,michel.raymond@hotmail.fr,,
Stephane,Le Vallee,,05.83.59.92.64,,informaticien,25/02/1965
Claire,Carlier Le Peron,LILLE 59000,03.44.51.70.98,claire.carlier-le-peron@server.fr,,15/01/2003
Alexandre,de la Aubry,,04.88.75.16.89,alexandre.de-la-aubry@yahoo.fr,ouvrier,26/11/1971
Maryse,Coulon,NICE 06000,04.86.20.56.51,,,
Rene,Leduc,,02.79.01.86.07,rene.leduc@gmail.com,chef d'entreprise,
,Dos Santos,STRASBOURG 67200,03.36.46.23.77,luce.dos-santos@outlook.fr,avocat,
Mathilde,Hebert,SAINT-DENIS 93200,01.02.89.05.17,mathilde.hebert@yahoo.fr,,10/02/2000
Oceane,Durand,LILLE 59160,03.75.39.32.89,oceane.durand@gmail.com,enseignant,
Adele,Pons-Humbert,,04.83.55.05.06,adele.pons-humbert@yahoo.fr,,21/07/1991
Philippine,Fleury de Berthelot,LILLE 59260,03.53.09.38.26,philippine.fleury-de-berthelot@gmail.com,chauffeur,
,Lacroix de Cousin,,03.79.69.64.00,timothee.lacroix-de-cousin@yahoo.fr,,28/07/2000
Franck,Salmon,MARSEILLE 13002,04.44.07.41.99,franck.salmon@outlook.fr,militaire,
Victor,Gregoire,MARSEILLE 13008,04.17.15.81.67,victor.gregoire@gmail.com,chercheur,04/04/1958
,Vallet,MARSEILLE 13006,04.10.50.44.11,margot.vallet@gmail.com,,29/05/1962
Capucine,de la Leclerc,ST ETIENNE 42000,04.62.85.22.23,capucine.de-la-leclerc@outlook.fr,architecte,19/07/1986
Celine-Emilie,Toussaint,LYON 69001,04.36.16.56.30,celine-emilie.toussaint@hotmail.fr,informaticien,05/02/1957
Pauline,Boulanger-Guillaume,MONTPELLIER 34090,04.06.46.45.12,pauline.boulanger-guillaume@gmail.com,,06/07/1962
Edith,Ferrand,,04.86.26.77.38,edith.ferrand@hotmail.fr,enseignant,17/01/2004
Georges,Chauveau du Barthelemy,PARIS 75011,01.80.41.06.64,georges.chauveau-du-barthelemy@outlook.fr,,
Gregoire,Rey,TOULOUSE 31100,05.15.35.19.73,gregoire.rey@hotmail.fr,,21/01/2006
Jacqueline-Henriette,Legendre,MARSEILLE 13009,04.22.46.92.18,,,
Alex,Marie,RENNES 35000,02.09.16.06.98,alex.marie@gmail.com,comptable,
Theophile-Jean,Goncalves,AIX-EN-PROVENCE 13080,04.40.61.64.08,theophile-jean.goncalves@hotmail.fr,,08/08/1993
Charles,Diaz,PARIS 75019,01.14.95.90.42,charles.diaz@gmail.com,comptable,25/09/1975
Suzanne,Blondel-Becker,NANTES 44000,02.00.51.61.95,suzanne.blondel-becker@yahoo.fr,avocat,24/01/1958
Rene-Emile,Gilles,,01.01.27.60.20,rene-emile.gilles@yahoo.fr,,30/08/1973
Veronique,Rousset,MARSEILLE 13009,04.87.11.38.23,veronique.rousset@yahoo.fr,ouvrier,09/04/1978
,Voisin-Bigot,PARIS 75019,01.89.18.15.27,adelaide.voisin-bigot@gmail.com,,19/01/1986
Elisabeth,Noel,STRASBOURG 67000,03.41.81.72.20,elisabeth.noel@outlook.fr,chef d'entreprise,22/02/1989
Jacques,Marion,MARSEILLE 13013,04.78.88.15.69,jacques.marion@gmail.com,informaticien,16/10/1957
Luc,Paul,NICE 06100,04.60.49.85.46,luc.paul@gmail.com,chercheur,04/07/1959
Louise,du Faure,,01.55.11.04.15,louise.du-faure@gmail.com,avocat,
Etienne-Jacques,Charpentier,,01.34.64.24.14,etienne-jacques.charpentier@hotmail.fr,acteur,
Matthieu,Baudry,,01.03.03.80.86,matthieu.baudry@gmail.com,,19/11/1982
,Gomes,MONTPELLIER 34090,04.60.83.58.57,stephanie.gomes@gmail.com,comptable,19/07/2000
Helene,Rocher,,04.04.73.51.07,helene.rocher@outlook.fr,avocat,17/01/1996
Etienne,Albert,PARIS 75018,01.37.74.73.01,etienne.albert@outlook.fr,,12/09/1986
Jacques,Lacroix-Pires,RENNES 35200,02.01.00.65.41,,04/06/1965
Alexandria,Martins,NANTES 44200,02.55.57.55.23,alexandria.martins@outlook.fr,,04/05/1979
Anastasie-Alice,Gimenez,PARIS 75003,01.24.57.14.68,anastasie-alice.gimenez@outlook.fr,footballeur,11/04/1998
Noel,Bailly,MARSEILLE 13004,04.62.16.95.13,,technicien,
Arnaude,Lemaire,MARSEILLE 13013,04.06.97.53.03,arnaude.lemaire@yahoo.fr,,
,Faure,MARSEILLE 13013,04.82.41.45.30,alex.faure@yahoo.fr,,22/07/2002
Marianne,Delahaye,LYON 69002,04.70.98.53.43,marianne.delahaye@server.fr,,04/11/1969
Audrey,Coulon,BORDEAUX 33000,05.03.47.23.42,audrey.coulon@gmail.com,avocat,13/08/1991
Victor,de la Bruneau,BRON 69500,04.70.33.51.39,victor.de-la-bruneau@hotmail.fr,militaire,15/06/1965
Eric,Georges,PARIS 75010,01.51.24.10.64,eric.georges@gmail.com,,17/09/1978
,Turpin Le Dubois,RENNES 35000,02.85.33.49.84,,06/09/1988
,de Carlier,MONTPELLIER 34080,04.87.28.55.46,nicole.de-carlier@gmail.com,agriculteur,
Sebastien,Goncalves-Masse,TOULON 83000,04.21.61.57.07,sebastien.goncalves-masse@yahoo.fr,acteur,25/07/1987
Auguste,Leconte,LYON 69009,04.63.76.40.46,auguste.leconte@yahoo.fr,,11/11/1959
Aurore,Perrin,,04.24.85.06.11,aurore.perrin@gmail.com,informaticien,24/11/1972
Bertrand,Faure,PARIS 75018,01.70.80.37.43,bertrand.faure@gmail.com,enseignant,25/09/1982
Alexandre,Robert,,04.57.43.03.13,alexandre.robert@gmail.com,,21/07/1994
,Hamon-Robin,LYON 69006,04.74.51.30.58,denis.hamon-robin@gmail.com,footballeur,20/11/1988
daisy,Remy,SAINT-PRIEST 69800,04.86.51.77.22,daisy.remy@yahoo.fr,,09/08/1996
Christelle,Marin,MARSEILLE 13005,04.64.82.13.09,christelle.marin@gmail.com,journaliste,20/09/1960
Emilie,Lelievre-Germain,BORDEAUX 33000,05.59.86.56.53,emilie.lelievre-germain@gmail.com,agriculteur,23/09/2004
,Paris-Picard,PARIS 75007,01.30.26.92.16,anne.paris-picard@hotmail.fr,,19/10/1973
David,Martineau,MARSEILLE 13013,04.21.12.37.63,david.martineau@yahoo.fr,cuisinier,
Bernard,Monnier-Dos Santos,MARSEILLE 13013,04.38.17.97.05,,,
,Charles de Chevalier,LYON 69005,04.73.58.90.68,manon.charles-de-chevalier@gmail.com,chercheur,31/12/2001
Eric,Martinez,LYON 69006,04.09.43.18.54,eric.martinez@gmail.com,,17/12/1967
,Normand de la Barbe,NANTES 44000,02.12.74.50.57,elise.normand-de-la-barbe@gmail.com,technicien,30/03/1977
Chantal,Hoareau,PARIS 75009,01.42.92.30.22,chantal.hoareau@yahoo.fr,banquier,27/02/1981
Alphonse,Perrin,,01.66.96.66.80,alphonse.perrin@server.fr,agriculteur,18/09/2004
Michel-Bertrand,Pereira,MARSEILLE 13008,04.77.13.75.21,michel-bertrand.pereira@yahoo.fr,,16/05/1998
Lucy,Renault,SAINT-DENIS 93210,01.27.06.86.43,lucy.renault@yahoo.fr,footballeur,15/03/1986
Olivie,Le Chartier,NICE 06100,04.85.49.36.61,olivie.le-chartier@hotmail.fr,,
Guillaume,Robin,LYON 69004,04.58.79.03.46,guillaume.robin@gmail.com,cuisinier,
,David,MARSEILLE 13001,04.18.36.14.89,nathalie.david@yahoo.fr,architecte,
Aimee,Guillot,STRASBOURG 67200,03.88.16.07.81,,,
Gerard,Julien-Bouchet,,04.38.16.13.45,,,
,Coulon de la Michaud,LYON 69009,04.90.42.85.91,claire.coulon-de-la-michaud@yahoo.fr,ouvrier,27/09/2003
William,Torres,PARIS 75008,01.63.66.11.00,william.torres@outlook.fr,,16/10/2004
Alice,Delahaye,,01.51.73.11.65,alice.delahaye@server.fr,,31/08/1997
,Grenier,,01.13.62.13.28,jeanne.grenier@gmail.com,chauffeur,
,Bigot,RENNES 35000,02.45.27.42.79,nathalie.bigot@hotmail.fr,architecte,
Lorraine,Guyot,TOULOUSE 31000,05.62.69.03.78,lorraine.guyot@outlook.fr,,05/12/1999
,Legendre,,01.76.30.94.39,hortense.legendre@gmail.com,avocat,21/04/1996
,de la Joubert,PARIS 75011,01.86.94.94.17,louise.de-la-joubert@hotmail.fr,,19/06/1996
Claude,Lemonnier-Renault,DECINES-CHARPIEU 69150,04.69.53.11.58,claude.lemonnier-renault@gmail.com,barman,19/06/1978
Chantal,Launay-Mahe,,05.78.85.14.69,chantal.launay-mahe@yahoo.fr,chef d'entreprise,13/05/1982
Guy,Moreau,NICE 06200,04.78.48.51.39,guy.moreau@yahoo.fr,,19/02/2002
Timothee,Wagner,PARIS 75018,01.82.58.64.72,,ouvrier,
Rene,Caron,MARSEILLE 13005,04.01.45.30.35,rene.caron@outlook.fr,,09/02/1974
Leon,de Renaud,MONTPELLIER 34080,04.22.85.33.85,leon.de-renaud@yahoo.fr,avocat,23/03/2002
Alexandrie,Meunier,MARSEILLE 13008,04.66.78.96.52,alexandrie.meunier@hotmail.fr,agriculteur,09/09/1956
Aurelie,Da Silva,STRASBOURG 67100,03.10.13.19.22,aurelie.da-silva@yahoo.fr,barman,01/04/1969
Henri,Labbe,NICE 06200,04.32.09.68.56,henri.labbe@yahoo.fr,,12/12/1967
Gerard,Baudry,PARIS 75020,01.18.26.70.28,gerard.baudry@outlook.fr,chef d'entreprise,30/04/2001
Antoine,Raymond de la Leroy,MARSEILLE 13011,04.62.00.21.15,antoine.raymond-de-la-leroy@outlook.fr,militaire,
Aurelie,Delaunay,PARIS 75003,01.44.11.05.34,aurelie.delaunay@yahoo.fr,,02/04/1994
Noel-Sebastien,Texier,,04.06.83.17.46,noel-sebastien.texier@hotmail.fr,ouvrier,
Honore,Roy,ST ETIENNE 42000,04.27.86.53.09,honore.roy@gmail.com,chercheur,13/02/1986
Marthe,Vasseur,,05.76.83.75.08,marthe.vasseur@outlook.fr,,28/11/1998
Christiane,Couturier,BORDEAUX 33000,05.07.66.84.46,christiane.couturier@hotmail.fr,chercheur,
Jeannine,Bernard,,04.05.16.68.17,jeannine.bernard@hotmail.fr,banquier,
,Mace,NICE 06200,04.60.97.36.55,william.mace@gmail.com,chauffeur,02/05/2006
Emmanuelle,du Becker,MARSEILLE 13002,04.19.99.36.03,emmanuelle.du-becker@outlook.fr,chauffeur,22/10/1985
Gabrielle,Roche,PARIS 75020,01.92.23.21.41,gabrielle.roche@yahoo.fr,banquier,27/02/1980
,Maillard,PARIS 75001,01.15.70.13.26,anouk-agathe.maillard@gmail.com,journaliste,
Philippine,Perrot-Marin,MARSEILLE 13013,04.26.70.52.20,philippine.perrot-marin@gmail.com,,07/09/1963
Oceane,Teixeira,,04.45.72.42.68,,,
Timothee,Lamy,,02.31.94.09.89,,informaticien,10/11/1972
Aurelie,Letellier,MARSEILLE 13011,04.24.32.38.98,aurelie.letellier@hotmail.fr,comptable,12/08/1966
Sophie-Aimee,Schmitt,STRASBOURG 67200,03.92.50.38.60,sophie-aimee.schmitt@hotmail.fr,architecte,
,Ferreira-Leroux,,04.58.63.86.82,,comptable,22/08/1994
Catherine,Camus Le Peron,RENNES 35700,02.03.77.46.88,,,14/10/1973
Denise-Audrey,Vallet,TOULOUSE 31000,05.14.19.01.06,denise-audrey.vallet@hotmail.fr,,23/06/1997
Claude,Vallee,LE HAVRE 76620,02.76.70.42.96,claude.vallee@gmail.com,architecte,02/10/1995
,Humbert-Maillard,MARSEILLE 13013,04.30.43.97.27,zoe.humbert-maillard@gmail.com,agriculteur,
,Roche,MARSEILLE 13015,04.69.18.70.97,,03/12/1998
Veronique,Rey,MARSEILLE 13016,04.41.01.33.56,veronique.rey@gmail.com,,31/01/1961
,Ledoux,,04.90.14.19.29,adele-charlotte.ledoux@outlook.fr,,10/06/1971
Amelie,Le Riviere,,02.40.25.25.35,amelie.le-riviere@hotmail.fr,journaliste,15/07/2001
Antoine,Neveu,PARIS 75020,01.49.63.78.10,antoine.neveu@yahoo.fr,avocat,02/07/2005
,Muller,,04.76.10.17.48,laure.muller@outlook.fr,,25/03/1987
,de la Reynaud,LYON 69004,04.28.72.85.10,guillaume.de-la-reynaud@gmail.com,,02/08/1969
Georges,Neveu,,05.20.30.04.50,georges.neveu@outlook.fr,acteur,
Laurence-Alex,Ferreira,PARIS 75006,01.19.42.54.44,laurence-alex.ferreira@outlook.fr,,
Denise,Guyon,AIX-EN-PROVENCE 13080,04.09.40.20.87,denise.guyon@yahoo.fr,chauffeur,
Franck,Mercier,MARSEILLE 13011,04.57.22.78.00,franck.mercier@gmail.com,medecin,04/02/1967
,Pages-Giraud,,04.07.97.52.79,cecile.pages-giraud@outlook.fr,technicien,
Laetitia,Colas,,02.58.69.69.79,laetitia.colas@outlook.fr,,07/02/1955
Antoine-Roland,Guilbert,,04.58.98.75.63,antoine-roland.guilbert@outlook.fr,,30/06/2005
,Labbe,GRENOBLE 38000,04.29.20.17.71,emmanuel.labbe@gmail.com,boulanger,
Marcel,Gillet,PARIS 75009,01.11.69.10.60,marcel.gillet@gmail.com,comptable,
Emmanuel,Bertrand,PARIS 75003,01.05.82.22.82,emmanuel.bertrand@hotmail.fr,,09/10/1980
Guillaume,Petitjean du Guibert,LYON 69009,04.61.90.82.88,guillaume.petitjean-du-guibert@yahoo.fr,boulanger,09/03/1971
Virginie,Weiss,,04.14.40.17.68,virginie.weiss@outlook.fr,acteur,20/05/2000
Alain,Vaillant,LYON 69009,04.21.80.58.23,alain.vaillant@gmail.com,,10/06/2000
Gregoire,Dumas,MARSEILLE 13013,04.23.19.10.86,gregoire.dumas@outlook.fr,,27/02/1990
Leon,Gautier-Salmon,,04.74.21.73.35,leon.gautier-salmon@yahoo.fr,,
Francois,Pichon,PARIS 75004,01.95.39.49.20,francois.pichon@hotmail.fr,,08/01/1958
,Jacquot,PARIS 75005,01.89.09.31.73,,chercheur,
Claude,Bonnet,PARIS 75012,01.40.71.64.88,claude.bonnet@gmail.com,,10/03/1990
,Marechal,,04.58.23.87.55,,banquier,15/10/1968
Benoit-Xavier,Meyer,MARSEILLE 13009,04.81.89.38.02,benoit-xavier.meyer@yahoo.fr,,26/10/1985
David,Thibault,PARIS 75013,01.68.42.47.00,david.thibault@gmail.com,barman,
Lucas,du Picard,PARIS 75002,01.36.07.45.56,,,30/04/1961
Jeannine,Charrier,ST ETIENNE 42100,04.60.60.84.28,,03/12/1954
Oceane,Pottier Le Lefevre,,04.27.21.11.91,oceane.pottier-le-lefevre@outlook.fr,,21/04/2003
Juliette,Colin du Menard,MARSEILLE 13016,04.09.99.52.28,juliette.colin-du-menard@server.fr,,
Adrienne,Laine,TOULOUSE 31500,05.20.16.39.15,,acteur,12/09/1959
Jules,Vallee,PARIS 75018,01.83.90.87.41,jules.vallee@server.fr,footballeur,
,Descamps,MARSEILLE 13009,04.85.15.79.65,susanne.descamps@hotmail.fr,chef d'entreprise,02/09/2004
Daniel-Alexandre,Blanchet,BORDEAUX 33100,05.99.00.29.39,daniel-alexandre.blanchet@gmail.com,technicien,23/08/1979
Anais,Michel,AIX-EN-PROVENCE 13080,04.05.59.15.65,anais.michel@gmail.com,barman,22/06/1980
,Garnier,MARSEILLE 13016,04.94.06.58.33,hugues.garnier@yahoo.fr,architecte,02/01/1989
Audrey,du Mendes,,04.93.39.55.87,audrey.du-mendes@outlook.fr,cuisinier,26/02/1970
Alex,Raymond,PIERRE BENITE 69310,04.80.76.61.22,alex.raymond@yahoo.fr,,29/08/1998
,Marion,MONTPELLIER 34000,04.06.94.60.45,guy.marion@gmail.com,,
Timothee,Torres,MARSEILLE 13013,04.46.71.41.88,timothee.torres@gmail.com,chercheur,16/10/1984
Philippe-Franck,Roche,,01.58.67.65.22,philippe-franck.roche@gmail.com,enseignant,
Augustin,Letellier,LILLE 59260,03.31.85.71.35,augustin.letellier@yahoo.fr,,
Thomas,Baron,MARSEILLE 13013,04.75.99.08.06,thomas.baron@yahoo.fr,barman,
,de la Henry,LYON 69005,04.39.10.62.51,pierre.de-la-henry@yahoo.fr,,
Paul,de la Lefort,MONTPELLIER 34090,04.85.96.02.33,paul.de-la-lefort@gmail.com,,20/02/1996
Guy,Thierry,STRASBOURG 67100,03.31.55.30.25,guy.thierry@outlook.fr,,
,Ruiz Le Picard,MARSEILLE 13013,04.70.43.52.06,aime.ruiz-le-picard@hotmail.fr,,30/12/1958
,de la Pereira,,05.03.29.09.73,susanne.de-la-pereira@gmail.com,architecte,
Isaac,Moreau-Munoz,,05.58.53.21.43,isaac.moreau-munoz@hotmail.fr,,
Marc,Germain,,04.43.76.38.17,marc.germain@hotmail.fr,,08/12/1973
Edouard,de Maillot,,02.35.16.16.68,,ouvrier,24/06/1970
Jeanne,Tanguy,,04.60.67.99.86,jeanne.tanguy@gmail.com,ouvrier,08/06/1987
,Antoine,,04.17.78.77.11,christiane.antoine@hotmail.fr,architecte,
Noel,du Loiseau,STRASBOURG 67100,03.69.49.56.76,noel.du-loiseau@yahoo.fr,militaire,26/04/1963
Xavier,Fernandez-Poulain,NANTES 44300,02.00.00.70.91,xavier.fernandez-poulain@hotmail.fr,ouvrier,
Marc,Paul,,04.01.89.94.04,marc.paul@yahoo.fr,,
Henriette,Olivier,GRENOBLE 38000,04.64.55.47.39,henriette.olivier@gmail.com,chauffeur,22/09/2003
Christophe,Lacombe-Masson,TOULOUSE 31000,05.63.27.94.86,christophe.lacombe-masson@yahoo.fr,ouvrier,12/09/1972
,Allard,LYON 69008,04.23.89.89.51,theophile.allard@yahoo.fr,,07/09/1968
Danielle,Pascal,PARIS 75008,01.72.91.40.11,danielle.pascal@outlook.fr,agriculteur,03/01/1968
Catherine-Marcelle,Gosselin,LE HAVRE 76610,02.46.80.54.36,,09/11/2006
Philippe,du Lenoir,NANTES 44000,02.75.61.87.01,philippe.du-lenoir@gmail.com,avocat,
Stephanie,Baudry,,04.66.28.16.99,stephanie.baudry@hotmail.fr,cuisinier,18/12/2000
Sylvie,Ollivier,TOULOUSE 31500,05.64.44.96.51,sylvie.ollivier@server.fr,boulanger,13/01/1994
Martine,Gauthier,LE HAVRE 76620,02.07.96.03.29,martine.gauthier@outlook.fr,banquier,
